--
-- PostgreSQL database cluster dump
--

SET default_transaction_read_only = off;

SET client_encoding = 'UTF8';
SET standard_conforming_strings = on;

--
-- Roles
--

CREATE ROLE admintiburcio;
ALTER ROLE admintiburcio WITH SUPERUSER INHERIT CREATEROLE CREATEDB LOGIN REPLICATION BYPASSRLS PASSWORD 'SCRAM-SHA-256$4096:YwkOZpHQrJTRBaQdvDupSA==$69PcnLIRHOB/Y6dQ4by4S+AMuGGbUc21yQu/k34uAf4=:0XnqPugn5aOOzTgUQs8lRW+NHKLvNKDZ9er99Z9Ghtg=';

--
-- User Configurations
--








--
-- Databases
--

--
-- Database '"'template1'"' dump
--

\connect template1

--
-- PostgreSQL database dump
--

-- Dumped from database version 15.4 (Debian 15.4-1.pgdg120+1)
-- Dumped by pg_dump version 15.4 (Debian 15.4-1.pgdg120+1)

SET statement_timeout = 0;
SET lock_timeout = 0;
SET idle_in_transaction_session_timeout = 0;
SET client_encoding = 'UTF8';
SET standard_conforming_strings = on;
SELECT pg_catalog.set_config('search_path', '', false);
SET check_function_bodies = false;
SET xmloption = content;
SET client_min_messages = warning;
SET row_security = off;

--
-- PostgreSQL database dump complete
--

--
-- Database '"'inamex_prod'"' dump
--

--
-- PostgreSQL database dump
--

-- Dumped from database version 15.4 (Debian 15.4-1.pgdg120+1)
-- Dumped by pg_dump version 15.4 (Debian 15.4-1.pgdg120+1)

SET statement_timeout = 0;
SET lock_timeout = 0;
SET idle_in_transaction_session_timeout = 0;
SET client_encoding = 'UTF8';
SET standard_conforming_strings = on;
SELECT pg_catalog.set_config('search_path', '', false);
SET check_function_bodies = false;
SET xmloption = content;
SET client_min_messages = warning;
SET row_security = off;

--
-- Name: inamex_prod; Type: DATABASE; Schema: -; Owner: admintiburcio
--

CREATE DATABASE inamex_prod WITH TEMPLATE = template0 ENCODING = 'UTF8' LOCALE_PROVIDER = libc LOCALE = 'en_US.utf8';


ALTER DATABASE inamex_prod OWNER TO admintiburcio;

\connect inamex_prod

SET statement_timeout = 0;
SET lock_timeout = 0;
SET idle_in_transaction_session_timeout = 0;
SET client_encoding = 'UTF8';
SET standard_conforming_strings = on;
SELECT pg_catalog.set_config('search_path', '', false);
SET check_function_bodies = false;
SET xmloption = content;
SET client_min_messages = warning;
SET row_security = off;

SET default_tablespace = '';

SET default_table_access_method = heap;

--
-- Name: auth_group; Type: TABLE; Schema: public; Owner: admintiburcio
--

CREATE TABLE public.auth_group (
    id integer NOT NULL,
    name character varying(150) NOT NULL
);


ALTER TABLE public.auth_group OWNER TO admintiburcio;

--
-- Name: auth_group_id_seq; Type: SEQUENCE; Schema: public; Owner: admintiburcio
--

ALTER TABLE public.auth_group ALTER COLUMN id ADD GENERATED BY DEFAULT AS IDENTITY (
    SEQUENCE NAME public.auth_group_id_seq
    START WITH 1
    INCREMENT BY 1
    NO MINVALUE
    NO MAXVALUE
    CACHE 1
);


--
-- Name: auth_group_permissions; Type: TABLE; Schema: public; Owner: admintiburcio
--

CREATE TABLE public.auth_group_permissions (
    id bigint NOT NULL,
    group_id integer NOT NULL,
    permission_id integer NOT NULL
);


ALTER TABLE public.auth_group_permissions OWNER TO admintiburcio;

--
-- Name: auth_group_permissions_id_seq; Type: SEQUENCE; Schema: public; Owner: admintiburcio
--

ALTER TABLE public.auth_group_permissions ALTER COLUMN id ADD GENERATED BY DEFAULT AS IDENTITY (
    SEQUENCE NAME public.auth_group_permissions_id_seq
    START WITH 1
    INCREMENT BY 1
    NO MINVALUE
    NO MAXVALUE
    CACHE 1
);


--
-- Name: auth_permission; Type: TABLE; Schema: public; Owner: admintiburcio
--

CREATE TABLE public.auth_permission (
    id integer NOT NULL,
    name character varying(255) NOT NULL,
    content_type_id integer NOT NULL,
    codename character varying(100) NOT NULL
);


ALTER TABLE public.auth_permission OWNER TO admintiburcio;

--
-- Name: auth_permission_id_seq; Type: SEQUENCE; Schema: public; Owner: admintiburcio
--

ALTER TABLE public.auth_permission ALTER COLUMN id ADD GENERATED BY DEFAULT AS IDENTITY (
    SEQUENCE NAME public.auth_permission_id_seq
    START WITH 1
    INCREMENT BY 1
    NO MINVALUE
    NO MAXVALUE
    CACHE 1
);


--
-- Name: auth_user; Type: TABLE; Schema: public; Owner: admintiburcio
--

CREATE TABLE public.auth_user (
    id integer NOT NULL,
    password character varying(128) NOT NULL,
    last_login timestamp with time zone,
    is_superuser boolean NOT NULL,
    username character varying(150) NOT NULL,
    first_name character varying(150) NOT NULL,
    last_name character varying(150) NOT NULL,
    email character varying(254) NOT NULL,
    is_staff boolean NOT NULL,
    is_active boolean NOT NULL,
    date_joined timestamp with time zone NOT NULL
);


ALTER TABLE public.auth_user OWNER TO admintiburcio;

--
-- Name: auth_user_groups; Type: TABLE; Schema: public; Owner: admintiburcio
--

CREATE TABLE public.auth_user_groups (
    id bigint NOT NULL,
    user_id integer NOT NULL,
    group_id integer NOT NULL
);


ALTER TABLE public.auth_user_groups OWNER TO admintiburcio;

--
-- Name: auth_user_groups_id_seq; Type: SEQUENCE; Schema: public; Owner: admintiburcio
--

ALTER TABLE public.auth_user_groups ALTER COLUMN id ADD GENERATED BY DEFAULT AS IDENTITY (
    SEQUENCE NAME public.auth_user_groups_id_seq
    START WITH 1
    INCREMENT BY 1
    NO MINVALUE
    NO MAXVALUE
    CACHE 1
);


--
-- Name: auth_user_id_seq; Type: SEQUENCE; Schema: public; Owner: admintiburcio
--

ALTER TABLE public.auth_user ALTER COLUMN id ADD GENERATED BY DEFAULT AS IDENTITY (
    SEQUENCE NAME public.auth_user_id_seq
    START WITH 1
    INCREMENT BY 1
    NO MINVALUE
    NO MAXVALUE
    CACHE 1
);


--
-- Name: auth_user_user_permissions; Type: TABLE; Schema: public; Owner: admintiburcio
--

CREATE TABLE public.auth_user_user_permissions (
    id bigint NOT NULL,
    user_id integer NOT NULL,
    permission_id integer NOT NULL
);


ALTER TABLE public.auth_user_user_permissions OWNER TO admintiburcio;

--
-- Name: auth_user_user_permissions_id_seq; Type: SEQUENCE; Schema: public; Owner: admintiburcio
--

ALTER TABLE public.auth_user_user_permissions ALTER COLUMN id ADD GENERATED BY DEFAULT AS IDENTITY (
    SEQUENCE NAME public.auth_user_user_permissions_id_seq
    START WITH 1
    INCREMENT BY 1
    NO MINVALUE
    NO MAXVALUE
    CACHE 1
);


--
-- Name: django_admin_log; Type: TABLE; Schema: public; Owner: admintiburcio
--

CREATE TABLE public.django_admin_log (
    id integer NOT NULL,
    action_time timestamp with time zone NOT NULL,
    object_id text,
    object_repr character varying(200) NOT NULL,
    action_flag smallint NOT NULL,
    change_message text NOT NULL,
    content_type_id integer,
    user_id integer NOT NULL,
    CONSTRAINT django_admin_log_action_flag_check CHECK ((action_flag >= 0))
);


ALTER TABLE public.django_admin_log OWNER TO admintiburcio;

--
-- Name: django_admin_log_id_seq; Type: SEQUENCE; Schema: public; Owner: admintiburcio
--

ALTER TABLE public.django_admin_log ALTER COLUMN id ADD GENERATED BY DEFAULT AS IDENTITY (
    SEQUENCE NAME public.django_admin_log_id_seq
    START WITH 1
    INCREMENT BY 1
    NO MINVALUE
    NO MAXVALUE
    CACHE 1
);


--
-- Name: django_content_type; Type: TABLE; Schema: public; Owner: admintiburcio
--

CREATE TABLE public.django_content_type (
    id integer NOT NULL,
    app_label character varying(100) NOT NULL,
    model character varying(100) NOT NULL
);


ALTER TABLE public.django_content_type OWNER TO admintiburcio;

--
-- Name: django_content_type_id_seq; Type: SEQUENCE; Schema: public; Owner: admintiburcio
--

ALTER TABLE public.django_content_type ALTER COLUMN id ADD GENERATED BY DEFAULT AS IDENTITY (
    SEQUENCE NAME public.django_content_type_id_seq
    START WITH 1
    INCREMENT BY 1
    NO MINVALUE
    NO MAXVALUE
    CACHE 1
);


--
-- Name: django_migrations; Type: TABLE; Schema: public; Owner: admintiburcio
--

CREATE TABLE public.django_migrations (
    id bigint NOT NULL,
    app character varying(255) NOT NULL,
    name character varying(255) NOT NULL,
    applied timestamp with time zone NOT NULL
);


ALTER TABLE public.django_migrations OWNER TO admintiburcio;

--
-- Name: django_migrations_id_seq; Type: SEQUENCE; Schema: public; Owner: admintiburcio
--

ALTER TABLE public.django_migrations ALTER COLUMN id ADD GENERATED BY DEFAULT AS IDENTITY (
    SEQUENCE NAME public.django_migrations_id_seq
    START WITH 1
    INCREMENT BY 1
    NO MINVALUE
    NO MAXVALUE
    CACHE 1
);


--
-- Name: django_session; Type: TABLE; Schema: public; Owner: admintiburcio
--

CREATE TABLE public.django_session (
    session_key character varying(40) NOT NULL,
    session_data text NOT NULL,
    expire_date timestamp with time zone NOT NULL
);


ALTER TABLE public.django_session OWNER TO admintiburcio;

--
-- Name: finances_movement; Type: TABLE; Schema: public; Owner: admintiburcio
--

CREATE TABLE public.finances_movement (
    id bigint NOT NULL,
    creation_date date NOT NULL,
    description character varying(254) NOT NULL,
    amount numeric(7,3) NOT NULL,
    no_invoice boolean NOT NULL,
    payment boolean NOT NULL,
    files character varying(100),
    payee_id bigint,
    responsable_id integer NOT NULL
);


ALTER TABLE public.finances_movement OWNER TO admintiburcio;

--
-- Name: finances_movement_id_seq; Type: SEQUENCE; Schema: public; Owner: admintiburcio
--

ALTER TABLE public.finances_movement ALTER COLUMN id ADD GENERATED BY DEFAULT AS IDENTITY (
    SEQUENCE NAME public.finances_movement_id_seq
    START WITH 1
    INCREMENT BY 1
    NO MINVALUE
    NO MAXVALUE
    CACHE 1
);


--
-- Name: profiles_client; Type: TABLE; Schema: public; Owner: admintiburcio
--

CREATE TABLE public.profiles_client (
    id bigint NOT NULL,
    name character varying(127) NOT NULL,
    status integer NOT NULL,
    score integer NOT NULL
);


ALTER TABLE public.profiles_client OWNER TO admintiburcio;

--
-- Name: profiles_client_id_seq; Type: SEQUENCE; Schema: public; Owner: admintiburcio
--

ALTER TABLE public.profiles_client ALTER COLUMN id ADD GENERATED BY DEFAULT AS IDENTITY (
    SEQUENCE NAME public.profiles_client_id_seq
    START WITH 1
    INCREMENT BY 1
    NO MINVALUE
    NO MAXVALUE
    CACHE 1
);


--
-- Name: profiles_clientcontact; Type: TABLE; Schema: public; Owner: admintiburcio
--

CREATE TABLE public.profiles_clientcontact (
    id bigint NOT NULL,
    name character varying(127) NOT NULL,
    phone character varying(16),
    notes text,
    client_id bigint NOT NULL
);


ALTER TABLE public.profiles_clientcontact OWNER TO admintiburcio;

--
-- Name: profiles_clientcontact_id_seq; Type: SEQUENCE; Schema: public; Owner: admintiburcio
--

ALTER TABLE public.profiles_clientcontact ALTER COLUMN id ADD GENERATED BY DEFAULT AS IDENTITY (
    SEQUENCE NAME public.profiles_clientcontact_id_seq
    START WITH 1
    INCREMENT BY 1
    NO MINVALUE
    NO MAXVALUE
    CACHE 1
);


--
-- Name: profiles_supplier; Type: TABLE; Schema: public; Owner: admintiburcio
--

CREATE TABLE public.profiles_supplier (
    id bigint NOT NULL,
    name character varying(127) NOT NULL
);


ALTER TABLE public.profiles_supplier OWNER TO admintiburcio;

--
-- Name: profiles_supplier_id_seq; Type: SEQUENCE; Schema: public; Owner: admintiburcio
--

ALTER TABLE public.profiles_supplier ALTER COLUMN id ADD GENERATED BY DEFAULT AS IDENTITY (
    SEQUENCE NAME public.profiles_supplier_id_seq
    START WITH 1
    INCREMENT BY 1
    NO MINVALUE
    NO MAXVALUE
    CACHE 1
);


--
-- Name: profiles_suppliercontact; Type: TABLE; Schema: public; Owner: admintiburcio
--

CREATE TABLE public.profiles_suppliercontact (
    id bigint NOT NULL,
    name character varying(127) NOT NULL,
    phone character varying(16),
    notes text,
    supplier_id bigint NOT NULL
);


ALTER TABLE public.profiles_suppliercontact OWNER TO admintiburcio;

--
-- Name: profiles_suppliercontact_id_seq; Type: SEQUENCE; Schema: public; Owner: admintiburcio
--

ALTER TABLE public.profiles_suppliercontact ALTER COLUMN id ADD GENERATED BY DEFAULT AS IDENTITY (
    SEQUENCE NAME public.profiles_suppliercontact_id_seq
    START WITH 1
    INCREMENT BY 1
    NO MINVALUE
    NO MAXVALUE
    CACHE 1
);


--
-- Name: profiles_workerstime; Type: TABLE; Schema: public; Owner: admintiburcio
--

CREATE TABLE public.profiles_workerstime (
    id bigint NOT NULL,
    workdate date,
    client_id bigint NOT NULL
);


ALTER TABLE public.profiles_workerstime OWNER TO admintiburcio;

--
-- Name: profiles_workerstime_id_seq; Type: SEQUENCE; Schema: public; Owner: admintiburcio
--

ALTER TABLE public.profiles_workerstime ALTER COLUMN id ADD GENERATED BY DEFAULT AS IDENTITY (
    SEQUENCE NAME public.profiles_workerstime_id_seq
    START WITH 1
    INCREMENT BY 1
    NO MINVALUE
    NO MAXVALUE
    CACHE 1
);


--
-- Name: profiles_workerstime_worker; Type: TABLE; Schema: public; Owner: admintiburcio
--

CREATE TABLE public.profiles_workerstime_worker (
    id bigint NOT NULL,
    workerstime_id bigint NOT NULL,
    user_id integer NOT NULL
);


ALTER TABLE public.profiles_workerstime_worker OWNER TO admintiburcio;

--
-- Name: profiles_workerstime_worker_id_seq; Type: SEQUENCE; Schema: public; Owner: admintiburcio
--

ALTER TABLE public.profiles_workerstime_worker ALTER COLUMN id ADD GENERATED BY DEFAULT AS IDENTITY (
    SEQUENCE NAME public.profiles_workerstime_worker_id_seq
    START WITH 1
    INCREMENT BY 1
    NO MINVALUE
    NO MAXVALUE
    CACHE 1
);


--
-- Name: projects_activity; Type: TABLE; Schema: public; Owner: admintiburcio
--

CREATE TABLE public.projects_activity (
    id bigint NOT NULL,
    name character varying(50) NOT NULL,
    date date,
    end_date date,
    description text,
    status integer NOT NULL,
    incharge_id integer,
    project_id bigint,
    type integer NOT NULL
);


ALTER TABLE public.projects_activity OWNER TO admintiburcio;

--
-- Name: projects_activity_id_seq; Type: SEQUENCE; Schema: public; Owner: admintiburcio
--

ALTER TABLE public.projects_activity ALTER COLUMN id ADD GENERATED BY DEFAULT AS IDENTITY (
    SEQUENCE NAME public.projects_activity_id_seq
    START WITH 1
    INCREMENT BY 1
    NO MINVALUE
    NO MAXVALUE
    CACHE 1
);


--
-- Name: projects_activityprogress; Type: TABLE; Schema: public; Owner: admintiburcio
--

CREATE TABLE public.projects_activityprogress (
    id bigint NOT NULL,
    name character varying(96),
    amount numeric(5,2),
    unit character varying(32),
    activity_id bigint
);


ALTER TABLE public.projects_activityprogress OWNER TO admintiburcio;

--
-- Name: projects_activityprogress_id_seq; Type: SEQUENCE; Schema: public; Owner: admintiburcio
--

ALTER TABLE public.projects_activityprogress ALTER COLUMN id ADD GENERATED BY DEFAULT AS IDENTITY (
    SEQUENCE NAME public.projects_activityprogress_id_seq
    START WITH 1
    INCREMENT BY 1
    NO MINVALUE
    NO MAXVALUE
    CACHE 1
);


--
-- Name: projects_photo; Type: TABLE; Schema: public; Owner: admintiburcio
--

CREATE TABLE public.projects_photo (
    id bigint NOT NULL,
    pictures character varying(100),
    report_id bigint,
    thumbnail character varying(100)
);


ALTER TABLE public.projects_photo OWNER TO admintiburcio;

--
-- Name: projects_photo_id_seq; Type: SEQUENCE; Schema: public; Owner: admintiburcio
--

ALTER TABLE public.projects_photo ALTER COLUMN id ADD GENERATED BY DEFAULT AS IDENTITY (
    SEQUENCE NAME public.projects_photo_id_seq
    START WITH 1
    INCREMENT BY 1
    NO MINVALUE
    NO MAXVALUE
    CACHE 1
);


--
-- Name: projects_project; Type: TABLE; Schema: public; Owner: admintiburcio
--

CREATE TABLE public.projects_project (
    id bigint NOT NULL,
    name character varying(255),
    date date,
    end_date date,
    status integer,
    client_id bigint,
    manager_id integer,
    type integer,
    cc_number integer
);


ALTER TABLE public.projects_project OWNER TO admintiburcio;

--
-- Name: projects_project_contact; Type: TABLE; Schema: public; Owner: admintiburcio
--

CREATE TABLE public.projects_project_contact (
    id bigint NOT NULL,
    project_id bigint NOT NULL,
    clientcontact_id bigint NOT NULL
);


ALTER TABLE public.projects_project_contact OWNER TO admintiburcio;

--
-- Name: projects_project_contact_id_seq; Type: SEQUENCE; Schema: public; Owner: admintiburcio
--

ALTER TABLE public.projects_project_contact ALTER COLUMN id ADD GENERATED BY DEFAULT AS IDENTITY (
    SEQUENCE NAME public.projects_project_contact_id_seq
    START WITH 1
    INCREMENT BY 1
    NO MINVALUE
    NO MAXVALUE
    CACHE 1
);


--
-- Name: projects_project_id_seq; Type: SEQUENCE; Schema: public; Owner: admintiburcio
--

ALTER TABLE public.projects_project ALTER COLUMN id ADD GENERATED BY DEFAULT AS IDENTITY (
    SEQUENCE NAME public.projects_project_id_seq
    START WITH 1
    INCREMENT BY 1
    NO MINVALUE
    NO MAXVALUE
    CACHE 1
);


--
-- Name: projects_report; Type: TABLE; Schema: public; Owner: admintiburcio
--

CREATE TABLE public.projects_report (
    id bigint NOT NULL,
    date date NOT NULL,
    name character varying(80),
    description text,
    duration numeric(4,2),
    activity_id bigint,
    responsable_id integer,
    deadtime integer NOT NULL,
    deadtimereason integer NOT NULL,
    extratime boolean
);


ALTER TABLE public.projects_report OWNER TO admintiburcio;

--
-- Name: projects_report_id_seq; Type: SEQUENCE; Schema: public; Owner: admintiburcio
--

ALTER TABLE public.projects_report ALTER COLUMN id ADD GENERATED BY DEFAULT AS IDENTITY (
    SEQUENCE NAME public.projects_report_id_seq
    START WITH 1
    INCREMENT BY 1
    NO MINVALUE
    NO MAXVALUE
    CACHE 1
);


--
-- Name: projects_report_workers; Type: TABLE; Schema: public; Owner: admintiburcio
--

CREATE TABLE public.projects_report_workers (
    id bigint NOT NULL,
    report_id bigint NOT NULL,
    user_id integer NOT NULL
);


ALTER TABLE public.projects_report_workers OWNER TO admintiburcio;

--
-- Name: projects_report_workers_id_seq; Type: SEQUENCE; Schema: public; Owner: admintiburcio
--

ALTER TABLE public.projects_report_workers ALTER COLUMN id ADD GENERATED BY DEFAULT AS IDENTITY (
    SEQUENCE NAME public.projects_report_workers_id_seq
    START WITH 1
    INCREMENT BY 1
    NO MINVALUE
    NO MAXVALUE
    CACHE 1
);


--
-- Name: projects_reportprogress; Type: TABLE; Schema: public; Owner: admintiburcio
--

CREATE TABLE public.projects_reportprogress (
    id bigint NOT NULL,
    amount numeric(5,2),
    activityprogress_id bigint,
    report_id bigint
);


ALTER TABLE public.projects_reportprogress OWNER TO admintiburcio;

--
-- Name: projects_reportprogress_id_seq; Type: SEQUENCE; Schema: public; Owner: admintiburcio
--

ALTER TABLE public.projects_reportprogress ALTER COLUMN id ADD GENERATED BY DEFAULT AS IDENTITY (
    SEQUENCE NAME public.projects_reportprogress_id_seq
    START WITH 1
    INCREMENT BY 1
    NO MINVALUE
    NO MAXVALUE
    CACHE 1
);


--
-- Name: projects_requirements; Type: TABLE; Schema: public; Owner: admintiburcio
--

CREATE TABLE public.projects_requirements (
    id bigint NOT NULL,
    name character varying(50) NOT NULL,
    description text NOT NULL,
    amount integer NOT NULL,
    unit character varying(10) NOT NULL,
    status integer NOT NULL,
    activity_id bigint NOT NULL,
    by_id integer,
    request_date date,
    supply_date date,
    to_id integer
);


ALTER TABLE public.projects_requirements OWNER TO admintiburcio;

--
-- Name: projects_requirements_id_seq; Type: SEQUENCE; Schema: public; Owner: admintiburcio
--

ALTER TABLE public.projects_requirements ALTER COLUMN id ADD GENERATED BY DEFAULT AS IDENTITY (
    SEQUENCE NAME public.projects_requirements_id_seq
    START WITH 1
    INCREMENT BY 1
    NO MINVALUE
    NO MAXVALUE
    CACHE 1
);


--
-- Data for Name: auth_group; Type: TABLE DATA; Schema: public; Owner: admintiburcio
--

COPY public.auth_group (id, name) FROM stdin;
1	Trabajador
2	Administrador
3	Finanzas
4	admin
5	dev
6	Oficial
7	Supervisor
8	Oficina
\.


--
-- Data for Name: auth_group_permissions; Type: TABLE DATA; Schema: public; Owner: admintiburcio
--

COPY public.auth_group_permissions (id, group_id, permission_id) FROM stdin;
1	1	1
2	1	2
3	1	3
4	1	4
5	1	5
6	1	6
7	1	7
8	1	8
9	1	9
10	1	10
11	1	11
12	1	12
13	1	13
14	1	14
15	1	15
16	1	16
17	1	17
18	1	18
19	1	19
20	1	20
21	1	21
22	1	22
23	1	23
24	1	24
25	1	25
26	1	26
27	1	27
28	1	28
29	1	29
30	1	30
31	1	31
32	1	32
33	1	33
34	1	34
35	1	35
36	1	36
37	1	37
38	1	38
39	1	39
40	1	40
41	1	41
42	1	42
43	1	43
44	1	44
45	2	1
46	2	2
47	2	3
48	2	4
49	2	5
50	2	6
51	2	7
52	2	8
53	2	9
54	2	10
55	2	11
56	2	12
57	2	13
58	2	14
59	2	15
60	2	16
61	2	17
62	2	18
63	2	19
64	2	20
65	2	21
66	2	22
67	2	23
68	2	24
69	2	25
70	2	26
71	2	27
72	2	28
73	2	29
74	2	30
75	2	31
76	2	32
77	2	33
78	2	34
79	2	35
80	2	36
81	2	37
82	2	38
83	2	39
84	2	40
85	2	41
86	2	42
87	2	43
88	2	44
89	3	1
90	3	2
91	3	3
92	3	4
93	3	5
94	3	6
95	3	7
96	3	8
97	3	9
98	3	10
99	3	11
100	3	12
101	3	13
102	3	14
103	3	15
104	3	16
105	3	17
106	3	18
107	3	19
108	3	20
109	3	21
110	3	22
111	3	23
112	3	24
113	3	25
114	3	26
115	3	27
116	3	28
117	3	29
118	3	30
119	3	31
120	3	32
121	3	33
122	3	34
123	3	35
124	3	36
125	3	37
126	3	38
127	3	39
128	3	40
129	3	41
130	3	42
131	3	43
132	3	44
133	4	1
134	4	2
135	4	3
136	4	4
137	4	5
138	4	6
139	4	7
140	4	8
141	4	9
142	4	10
143	4	11
144	4	12
145	4	13
146	4	14
147	4	15
148	4	16
149	4	17
150	4	18
151	4	19
152	4	20
153	4	21
154	4	22
155	4	23
156	4	24
157	4	25
158	4	26
159	4	27
160	4	28
161	4	29
162	4	30
163	4	31
164	4	32
165	4	33
166	4	34
167	4	35
168	4	36
169	4	37
170	4	38
171	4	39
172	4	40
173	4	41
174	4	42
175	4	43
176	4	44
177	4	45
178	4	46
179	4	47
180	4	48
181	4	49
182	4	50
183	4	51
184	4	52
185	4	53
186	4	54
187	4	55
188	4	56
189	4	57
190	4	58
191	4	59
192	4	60
193	4	61
194	4	62
195	4	63
196	4	64
197	4	65
198	4	66
199	4	67
200	4	68
201	5	1
202	5	2
203	5	3
204	5	4
205	5	5
206	5	6
207	5	7
208	5	8
209	5	9
210	5	10
211	5	11
212	5	12
213	5	13
214	5	14
215	5	15
216	5	16
217	5	17
218	5	18
219	5	19
220	5	20
221	5	21
222	5	22
223	5	23
224	5	24
225	5	25
226	5	26
227	5	27
228	5	28
229	5	29
230	5	30
231	5	31
232	5	32
233	5	33
234	5	34
235	5	35
236	5	36
237	5	37
238	5	38
239	5	39
240	5	40
241	5	41
242	5	42
243	5	43
244	5	44
245	5	45
246	5	46
247	5	47
248	5	48
249	5	49
250	5	50
251	5	51
252	5	52
253	5	53
254	5	54
255	5	55
256	5	56
257	5	57
258	5	58
259	5	59
260	5	60
261	5	61
262	5	62
263	5	63
264	5	64
265	5	65
266	5	66
267	5	67
268	5	68
269	6	1
270	6	2
271	6	3
272	6	4
273	6	5
274	6	6
275	6	7
276	6	8
277	6	9
278	6	10
279	6	11
280	6	12
281	6	13
282	6	14
283	6	15
284	6	16
285	6	17
286	6	18
287	6	19
288	6	20
289	6	21
290	6	22
291	6	23
292	6	24
293	6	25
294	6	26
295	6	27
296	6	28
297	6	29
298	6	30
299	6	31
300	6	32
301	6	33
302	6	34
303	6	35
304	6	36
305	6	37
306	6	38
307	6	39
308	6	40
309	6	41
310	6	42
311	6	43
312	6	44
313	6	45
314	6	46
315	6	47
316	6	48
317	6	49
318	6	50
319	6	51
320	6	52
321	6	53
322	6	54
323	6	55
324	6	56
325	6	57
326	6	58
327	6	59
328	6	60
329	6	61
330	6	62
331	6	63
332	6	64
333	6	65
334	6	66
335	6	67
336	6	68
337	6	69
338	6	70
339	6	71
340	6	72
341	6	73
342	6	74
343	6	75
344	6	76
\.


--
-- Data for Name: auth_permission; Type: TABLE DATA; Schema: public; Owner: admintiburcio
--

COPY public.auth_permission (id, name, content_type_id, codename) FROM stdin;
1	Can add log entry	1	add_logentry
2	Can change log entry	1	change_logentry
3	Can delete log entry	1	delete_logentry
4	Can view log entry	1	view_logentry
5	Can add permission	2	add_permission
6	Can change permission	2	change_permission
7	Can delete permission	2	delete_permission
8	Can view permission	2	view_permission
9	Can add group	3	add_group
10	Can change group	3	change_group
11	Can delete group	3	delete_group
12	Can view group	3	view_group
13	Can add user	4	add_user
14	Can change user	4	change_user
15	Can delete user	4	delete_user
16	Can view user	4	view_user
17	Can add content type	5	add_contenttype
18	Can change content type	5	change_contenttype
19	Can delete content type	5	delete_contenttype
20	Can view content type	5	view_contenttype
21	Can add session	6	add_session
22	Can change session	6	change_session
23	Can delete session	6	delete_session
24	Can view session	6	view_session
25	Can add client	7	add_client
26	Can change client	7	change_client
27	Can delete client	7	delete_client
28	Can view client	7	view_client
29	Can add supplier	8	add_supplier
30	Can change supplier	8	change_supplier
31	Can delete supplier	8	delete_supplier
32	Can view supplier	8	view_supplier
33	Can add client contact	9	add_clientcontact
34	Can change client contact	9	change_clientcontact
35	Can delete client contact	9	delete_clientcontact
36	Can view client contact	9	view_clientcontact
37	Can add supplier contact	10	add_suppliercontact
38	Can change supplier contact	10	change_suppliercontact
39	Can delete supplier contact	10	delete_suppliercontact
40	Can view supplier contact	10	view_suppliercontact
41	Can add workers time	11	add_workerstime
42	Can change workers time	11	change_workerstime
43	Can delete workers time	11	delete_workerstime
44	Can view workers time	11	view_workerstime
45	Can add movement	12	add_movement
46	Can change movement	12	change_movement
47	Can delete movement	12	delete_movement
48	Can view movement	12	view_movement
49	Can add project	13	add_project
50	Can change project	13	change_project
51	Can delete project	13	delete_project
52	Can view project	13	view_project
53	Can add activity	14	add_activity
54	Can change activity	14	change_activity
55	Can delete activity	14	delete_activity
56	Can view activity	14	view_activity
57	Can add requirements	15	add_requirements
58	Can change requirements	15	change_requirements
59	Can delete requirements	15	delete_requirements
60	Can view requirements	15	view_requirements
61	Can add report	16	add_report
62	Can change report	16	change_report
63	Can delete report	16	delete_report
64	Can view report	16	view_report
65	Can add photo	17	add_photo
66	Can change photo	17	change_photo
67	Can delete photo	17	delete_photo
68	Can view photo	17	view_photo
69	Can add report progress	18	add_reportprogress
70	Can change report progress	18	change_reportprogress
71	Can delete report progress	18	delete_reportprogress
72	Can view report progress	18	view_reportprogress
73	Can add activity progress	19	add_activityprogress
74	Can change activity progress	19	change_activityprogress
75	Can delete activity progress	19	delete_activityprogress
76	Can view activity progress	19	view_activityprogress
\.


--
-- Data for Name: auth_user; Type: TABLE DATA; Schema: public; Owner: admintiburcio
--

COPY public.auth_user (id, password, last_login, is_superuser, username, first_name, last_name, email, is_staff, is_active, date_joined) FROM stdin;
21	pbkdf2_sha256$600000$q27SBtnTbb8FITJXcCsE1K$3H+WMmwq1ionBG6iWK2Ipyz0FhCNLeAvdHrpnMHcrQk=	\N	f	sergio.perez@inamexa.com	Sergio	Perez		f	t	2023-09-20 01:15:45+00
24		\N	f	user_24	Sergio	Juarez		f	t	2023-09-20 19:27:29+00
2	pbkdf2_sha256$600000$TSHNAOhX3a4aMtoFFta3bW$3YS5PI6Ivn6+AQkwwvULIVmPcxsDjbJ8+1xCJgv/jyk=	2023-09-29 01:21:32+00	f	supervisor@inamexa.com	Rafael	Aguirre		f	f	2023-08-19 23:16:14+00
28		\N	f	user_28	Sergio	Lara		f	t	2023-09-20 23:06:01.981105+00
17		\N	f	user_17	Jorge	Suarez		f	f	2023-09-16 19:11:27+00
23		\N	f	user_23	Luis	Villanueva		f	t	2023-09-20 19:27:14+00
32		\N	f	user_32	David 	Cervantes 		f	t	2023-09-27 04:07:12.03978+00
33		\N	f	user_33	Cesar	Olivares		f	t	2023-10-17 16:31:36.251128+00
11		\N	f	user_11	Jesus	Escamilla		f	t	2023-09-16 19:10:05.707518+00
12		\N	f	user_12	Jose	Cervantes		f	t	2023-09-16 19:10:23.278934+00
16		\N	f	user_16	Angel	Ponce		f	t	2023-09-16 19:11:16.154792+00
7	pbkdf2_sha256$600000$9HRYj6qTQO4wvoUAaTvYfF$TzBvl+llDQzyp/sf5TSMeASKz8X/zd5b2qzrFrUe3iQ=	2023-09-22 18:10:18+00	f	grivera@inamexa.com	Gerardo	Rivera		f	t	2023-09-08 06:55:56+00
31		\N	f	user_31	Aldo	Escalante		f	t	2023-09-22 03:53:02.401483+00
9	pbkdf2_sha256$600000$fZYdMOnaKbhKwX4PEAowed$6ZVd2lHvlBI4Mb8JNfLqRYiPEKmbvhsm9Rw/TweJf20=	\N	f	Eduardo	Eduardo	Espinosa		f	t	2023-09-14 15:49:52+00
15		\N	f	user_15	Miguel	Reyes		f	t	2023-09-16 19:11:06+00
26		\N	f	user_26	Teodoro	Marquez		f	t	2023-09-20 21:03:59+00
27		\N	f	user_27	Efren	Gomez		f	t	2023-09-20 23:05:44+00
19	pbkdf2_sha256$600000$VFlPcFvMTc3KWq8qlB3Vg4$/hUtZ1Be3dOPFYjVOrbQmV37PgD59CU04NYvdJZJ7k0=	2023-10-18 02:57:12.067719+00	f	jsuarez@inamexa.com	Raymundo	Ordoñez		f	t	2023-09-19 15:37:27+00
4	pbkdf2_sha256$600000$ECC4mvY3QvCUittLUMRvbJ$9Dq12vzuO364Vh9kC4aGCJsmgnXMBlziFJh9RNQv6ZI=	2023-10-19 03:55:17.2424+00	f	wespinoza@inamexa.com	Wilber	Villalvazo		f	t	2023-08-26 03:09:21+00
30		\N	f	user_30	Alfredo	Sosa		f	f	2023-09-20 23:07:51+00
20		\N	f	user_20	Gabriel 	Martinez 		f	t	2023-09-19 15:48:54.245478+00
3	pbkdf2_sha256$600000$F983ejqDOLs2Ur5FSG2aDs$it25yq22umKiPWB8ik2/zb7UtxWS4xQlHe8QktFj9fc=	2023-10-20 00:38:24.503119+00	f	r.bautista@inamexa.com	Rodolfo	Bautista		f	t	2023-08-19 23:18:20+00
5	pbkdf2_sha256$600000$lNClZSxOM63N3cyeBhytVT$lR3LgGWSplS1fE0iPkDyWtXYxN2CKwRT9IZb2KIKIPg=	2023-10-20 00:41:14+00	f	ingenieria@inamexa.com	Efrain	Ramirez		f	t	2023-08-26 03:12:40+00
6		\N	f	user_6	Oscar	Flores		f	t	2023-09-02 02:28:14+00
22		\N	f	user_22	Hugo	Lima		f	t	2023-09-20 01:29:55.796362+00
13		\N	f	user_13	Jorge	Ortiz		f	t	2023-09-16 19:10:35+00
25		\N	f	user_25	Ruben	Peña		f	t	2023-09-20 20:54:01+00
10	pbkdf2_sha256$600000$0Qa0vA0linb0zq3wErR2Ad$v7bwUafD5r2ujl/4Pkwh6Zqpej3Z0Ef6+7vLF3OAvAc=	2023-09-22 18:13:30.780601+00	f	proyectos@inamexa.com	Nelson	Lara		f	t	2023-09-14 15:50:28+00
29		\N	f	user_29	Walter	Barradas		f	t	2023-09-20 23:06:26+00
14		\N	f	user_14	Alberto	Lezama		f	t	2023-09-16 19:10:51+00
18	pbkdf2_sha256$600000$1CggybUQTIyDZeKv059bKh$8vgf04tGf9UXXJcWySVUIaWst8K9N1OtcyO9iHOgM/c=	2023-10-05 03:51:49+00	f	jramirez@inamexa.com	Joel	Ramirez		f	t	2023-09-19 15:33:11+00
1	pbkdf2_sha256$600000$VxShJvLTAzlRsBpT5LgWjZ$9HhGAJ9BF7QhnNBvE+E5fmsv1ymx79iC5tNoN6s9k/Y=	2023-10-21 21:46:23.14488+00	t	tiburcio	Rodolfo	Tiburcio		t	t	2023-08-19 23:13:11+00
8	pbkdf2_sha256$600000$u9N4f9BQ9cNZQccktb8E4X$xnC+Sstcw3A8p8BgzO8WRBiQVZURMV+yIn5ebzg4WM0=	2023-10-12 20:52:26.273482+00	f	Nohemi	Nohemi	Bautista		f	t	2023-09-14 15:48:49+00
34	pbkdf2_sha256$600000$Qxt9sv3ij5Bh4WWfnTCiM1$+j6kUVtMApU0vjexjQKii9hQr00nxcsSJL9snVzVjFY=	2023-10-23 14:59:04.75244+00	f	hse@inamexa.com	Maritza	Pimentel		f	t	2023-10-23 14:55:57+00
\.


--
-- Data for Name: auth_user_groups; Type: TABLE DATA; Schema: public; Owner: admintiburcio
--

COPY public.auth_user_groups (id, user_id, group_id) FROM stdin;
8	8	3
11	2	1
13	11	1
14	12	1
17	15	1
18	16	1
19	17	1
23	20	1
25	22	1
26	23	1
31	28	1
34	31	1
35	1	5
36	5	5
37	10	5
38	32	1
39	6	6
40	13	6
41	25	6
42	29	6
43	30	6
44	4	6
45	14	6
46	18	7
47	19	7
48	21	6
49	24	6
51	3	7
52	7	8
53	9	8
54	26	6
55	27	6
56	33	1
57	5	3
58	1	3
59	34	8
\.


--
-- Data for Name: auth_user_user_permissions; Type: TABLE DATA; Schema: public; Owner: admintiburcio
--

COPY public.auth_user_user_permissions (id, user_id, permission_id) FROM stdin;
\.


--
-- Data for Name: django_admin_log; Type: TABLE DATA; Schema: public; Owner: admintiburcio
--

COPY public.django_admin_log (id, action_time, object_id, object_repr, action_flag, change_message, content_type_id, user_id) FROM stdin;
1	2023-08-19 23:17:10.026529+00	1	Trabajador	1	[{'"'added'"': {}}]	3	1
2	2023-08-19 23:17:22.577951+00	2	Administrador	1	[{'"'added'"': {}}]	3	1
3	2023-08-19 23:17:30.78568+00	3	Finanzas	1	[{'"'added'"': {}}]	3	1
4	2023-08-30 18:33:31.561122+00	5	ingenieria@inamexa.com	2	[{'"'changed'"': {'"'fields'"': ['"'Username'"']}}]	4	1
5	2023-08-30 18:35:04.457446+00	5	ingenieria@inamexa.com	2	[{'"'changed'"': {'"'fields'"': ['"'password'"']}}]	4	1
6	2023-09-14 16:05:05.731768+00	4	admin	1	[{'"'added'"': {}}]	3	1
7	2023-09-19 22:12:31.692853+00	3	r.bautista@inamexa.com	2	[{'"'changed'"': {'"'fields'"': ['"'password'"']}}]	4	1
8	2023-09-20 01:49:36.738409+00	4	wespinoza@inamexa.com	2	[{'"'changed'"': {'"'fields'"': ['"'password'"']}}]	4	1
9	2023-09-22 05:21:30.686251+00	5	dev	1	[{'"'added'"': {}}]	3	1
10	2023-09-22 17:45:49.389059+00	10	Nelson	2	[{'"'changed'"': {'"'fields'"': ['"'password'"']}}]	4	1
11	2023-09-22 17:47:08.97601+00	10	Nelson	2	[{'"'changed'"': {'"'fields'"': ['"'password'"']}}]	4	1
12	2023-09-22 18:06:41.203236+00	7	grivera@inamexa.com	2	[{'"'changed'"': {'"'fields'"': ['"'Username'"']}}]	4	1
13	2023-09-22 18:10:08.691406+00	7	grivera@inamexa.com	2	[{'"'changed'"': {'"'fields'"': ['"'password'"']}}]	4	1
14	2023-09-22 18:13:04.748314+00	10	proyectos@inamexa.com	2	[{'"'changed'"': {'"'fields'"': ['"'Username'"']}}]	4	1
15	2023-09-22 18:13:20.921754+00	10	proyectos@inamexa.com	2	[{'"'changed'"': {'"'fields'"': ['"'password'"']}}]	4	1
16	2023-10-05 04:25:42.357835+00	6	Oficial	1	[{'"'added'"': {}}]	3	1
17	2023-10-05 04:28:09.452574+00	7	Supervisor	1	[{'"'added'"': {}}]	3	1
18	2023-10-05 04:33:34.430311+00	8	Oficina	1	[{'"'added'"': {}}]	3	1
\.


--
-- Data for Name: django_content_type; Type: TABLE DATA; Schema: public; Owner: admintiburcio
--

COPY public.django_content_type (id, app_label, model) FROM stdin;
1	admin	logentry
2	auth	permission
3	auth	group
4	auth	user
5	contenttypes	contenttype
6	sessions	session
7	profiles	client
8	profiles	supplier
9	profiles	clientcontact
10	profiles	suppliercontact
11	profiles	workerstime
12	finances	movement
13	projects	project
14	projects	activity
15	projects	requirements
16	projects	report
17	projects	photo
18	projects	reportprogress
19	projects	activityprogress
\.


--
-- Data for Name: django_migrations; Type: TABLE DATA; Schema: public; Owner: admintiburcio
--

COPY public.django_migrations (id, app, name, applied) FROM stdin;
1	contenttypes	0001_initial	2023-08-19 23:05:44.55105+00
2	auth	0001_initial	2023-08-19 23:05:44.630677+00
3	admin	0001_initial	2023-08-19 23:05:44.650717+00
4	admin	0002_logentry_remove_auto_add	2023-08-19 23:05:44.656956+00
5	admin	0003_logentry_add_action_flag_choices	2023-08-19 23:05:44.663766+00
6	contenttypes	0002_remove_content_type_name	2023-08-19 23:05:44.676658+00
7	auth	0002_alter_permission_name_max_length	2023-08-19 23:05:44.683955+00
8	auth	0003_alter_user_email_max_length	2023-08-19 23:05:44.690952+00
9	auth	0004_alter_user_username_opts	2023-08-19 23:05:44.698261+00
10	auth	0005_alter_user_last_login_null	2023-08-19 23:05:44.705492+00
11	auth	0006_require_contenttypes_0002	2023-08-19 23:05:44.708041+00
12	auth	0007_alter_validators_add_error_messages	2023-08-19 23:05:44.714375+00
13	auth	0008_alter_user_username_max_length	2023-08-19 23:05:44.724716+00
14	auth	0009_alter_user_last_name_max_length	2023-08-19 23:05:44.731419+00
15	auth	0010_alter_group_name_max_length	2023-08-19 23:05:44.73991+00
16	auth	0011_update_proxy_permissions	2023-08-19 23:05:44.746168+00
17	auth	0012_alter_user_first_name_max_length	2023-08-19 23:05:44.752823+00
18	profiles	0001_initial	2023-08-19 23:05:44.768138+00
19	profiles	0002_client_contact_supplier	2023-08-19 23:05:44.799708+00
20	profiles	0003_client_contacts_alter_supplier_contacts	2023-08-19 23:05:44.821186+00
21	profiles	0004_clientcontact_suppliercontact_remove_client_contacts_and_more	2023-08-19 23:05:44.851368+00
22	profiles	0005_alter_profile_rol	2023-08-19 23:05:44.8578+00
23	profiles	0006_workerstime	2023-08-19 23:05:44.877301+00
24	profiles	0007_myuser_delete_profile	2023-08-19 23:05:44.882418+00
25	profiles	0008_delete_myuser_remove_workerstime_worker_and_more	2023-08-19 23:05:44.914411+00
26	sessions	0001_initial	2023-08-19 23:05:44.930248+00
27	finances	0001_initial	2023-08-25 15:08:22.461105+00
28	finances	0002_alter_movement_files	2023-08-25 15:08:22.470181+00
29	finances	0003_alter_movement_files	2023-08-25 15:08:22.478553+00
30	projects	0001_initial	2023-09-01 00:56:46.081338+00
31	projects	0002_alter_project_contact	2023-09-01 00:56:46.097161+00
32	projects	0003_project_type_alter_project_name_alter_project_status	2023-09-14 15:45:13.441307+00
33	projects	0004_alter_project_status	2023-09-14 15:45:13.450997+00
34	projects	0005_alter_project_type	2023-09-14 15:45:13.461772+00
35	projects	0006_activity_requirements	2023-09-14 15:45:13.53369+00
36	projects	0007_alter_project_contact_report	2023-09-14 15:45:13.616453+00
37	projects	0008_alter_report_description	2023-09-14 15:45:13.627731+00
38	projects	0009_photo	2023-09-14 15:45:13.677425+00
39	projects	0010_requirements_by_requirements_request_date_and_more	2023-09-14 15:45:13.74958+00
40	projects	0011_report_deadtime	2023-09-14 15:45:13.818683+00
41	projects	0012_remove_activity_planned_activity_type	2023-09-14 15:45:13.851901+00
42	projects	0013_alter_activity_type	2023-09-14 15:45:13.934859+00
43	projects	0014_rename_type_activity_type	2023-09-14 15:45:13.950086+00
44	projects	0015_project_cc_number	2023-09-16 03:27:20.715373+00
45	projects	0016_alter_report_workers	2023-09-19 07:29:01.450033+00
46	projects	0017_alter_report_activity	2023-09-19 07:29:01.465113+00
47	projects	0018_report_deadtimereason	2023-09-19 07:29:01.482889+00
48	projects	0019_activityprogress_reportprogress	2023-09-23 23:53:12.437936+00
49	projects	0020_alter_reportprogress_amount	2023-09-26 01:45:03.052825+00
50	projects	0021_alter_report_name	2023-09-26 05:16:38.738348+00
51	projects	0022_report_extratime	2023-10-20 04:02:04.681758+00
52	projects	0023_photo_thumbnail	2023-10-21 06:05:00.322452+00
\.


--
-- Data for Name: django_session; Type: TABLE DATA; Schema: public; Owner: admintiburcio
--

COPY public.django_session (session_key, session_data, expire_date) FROM stdin;
5sdg0wr7gc980djw9rlhxdpoex5268kr	.eJxVjDEOAiEQRe9CbQgMoGBp7xnIwAyyaiBZdivj3XWTLbT9773_EhHXpcZ18BwnEmehxeF3S5gf3DZAd2y3LnNvyzwluSlyp0NeO_Hzsrt_BxVH_dZs0NPJFusLg7VKOTQOQDv2EFhlHQBzImWPlIB90uwNZmeK0hwwFfH-ANqUOB4:1qXV8E:mALMqzL1sNcCSL6MnKAtB5vW7ZShj5GjESkLDShShM0	2023-09-02 23:13:22.731746+00
p5jxwecubuu891enub9z0e7n2tstm7r4	.eJxVjDEOAiEQRe9CbQgMoGBp7xnIwAyyaiBZdivj3XWTLbT9773_EhHXpcZ18BwnEmehxeF3S5gf3DZAd2y3LnNvyzwluSlyp0NeO_Hzsrt_BxVH_dZs0NPJFusLg7VKOTQOQDv2EFhlHQBzImWPlIB90uwNZmeK0hwwFfH-ANqUOB4:1qXVFt:4HPK0yNXoWfwILkEU3_BlB9X0NEDEenagPu-hyJGif8	2023-09-02 23:21:17.063838+00
xxmm0ni1fxk5qyae45z88umt8rqd85a0	.eJxVjDEOAiEQRe9CbQgMoGBp7xnIwAyyaiBZdivj3XWTLbT9773_EhHXpcZ18BwnEmehxeF3S5gf3DZAd2y3LnNvyzwluSlyp0NeO_Hzsrt_BxVH_dZs0NPJFusLg7VKOTQOQDv2EFhlHQBzImWPlIB90uwNZmeK0hwwFfH-ANqUOB4:1qXZnW:z67L0VdHSBh_VPAoEzTcBhH4XVgOwM3IMQukwVetmjo	2023-09-03 04:12:18.020809+00
byq3389lu58ta2ybikh829144yn0oi0a	.eJxVjEEOwiAQRe_C2pAy0gIu3fcMZJgZpGpoUtqV8e7apAvd_vfef6mI21ri1mSJE6uLAnX63RLSQ-oO-I71Nmua67pMSe-KPmjT48zyvB7u30HBVr419sGAD2jAhJzJDZkpuMRn60kcZpEus2NHlI0DRgpdL8kP1goAsKj3BwSiOQY:1qXjA4:afC61sKPvptWIpVgLDCfkdcM3kVXtvisvq20dw1Bhro	2023-09-03 14:12:12.460496+00
n31pse0dmps1gsd4mzm00eik4bfyiim5	.eJxVjDEOAiEQRe9CbQgMoGBp7xnIwAyyaiBZdivj3XWTLbT9773_EhHXpcZ18BwnEmehxeF3S5gf3DZAd2y3LnNvyzwluSlyp0NeO_Hzsrt_BxVH_dZs0NPJFusLg7VKOTQOQDv2EFhlHQBzImWPlIB90uwNZmeK0hwwFfH-ANqUOB4:1qYrMf:7ORKCuzrLpucCoRtqXv9QvWGd_cMCTHBKF7f7-cgQAY	2023-09-06 17:09:53.047845+00
ukdk5ythcy7wee5rlost0qi5loeemsi3	.eJxVjDEOAiEQRe9CbQgMoGBp7xnIwAyyaiBZdivj3XWTLbT9773_EhHXpcZ18BwnEmehxeF3S5gf3DZAd2y3LnNvyzwluSlyp0NeO_Hzsrt_BxVH_dZs0NPJFusLg7VKOTQOQDv2EFhlHQBzImWPlIB90uwNZmeK0hwwFfH-ANqUOB4:1qZYRM:I-ULIEaMx_8nMIxyUdc8FajvdE30DKd4oIug2EWFQ8A	2023-09-08 15:09:36.383671+00
mz6dwcwvntvwass6krndkx34eqmcxann	.eJxVjDEOAiEQRe9CbQgMoGBp7xnIwAyyaiBZdivj3XWTLbT9773_EhHXpcZ18BwnEmehxeF3S5gf3DZAd2y3LnNvyzwluSlyp0NeO_Hzsrt_BxVH_dZs0NPJFusLg7VKOTQOQDv2EFhlHQBzImWPlIB90uwNZmeK0hwwFfH-ANqUOB4:1qZYvV:ifmyfOBs5HiP5KcQUu_R3zfSGNXZ_UN0fcDzLA5f7yk	2023-09-08 15:40:45.891279+00
4za52a6uekf5cb2irefztwn5bet4fi28	.eJxVjDEOAiEQRe9CbQgMoGBp7xnIwAyyaiBZdivj3XWTLbT9773_EhHXpcZ18BwnEmehxeF3S5gf3DZAd2y3LnNvyzwluSlyp0NeO_Hzsrt_BxVH_dZs0NPJFusLg7VKOTQOQDv2EFhlHQBzImWPlIB90uwNZmeK0hwwFfH-ANqUOB4:1qZibk:YBmRa0r4ipEFlF5KdJbSDLI17UVmZ1iAHThUwmFj8Fw	2023-09-09 02:01:00.856497+00
yjl5c6cvi27sdivef4bzy3bjuzo9z5af	.eJxVjMsOwiAQRf-FtSEML8Gl-34DGRiQqoGktCvjv2uTLnR7zzn3xQJuaw3byEuYiV2YYaffLWJ65LYDumO7dZ56W5c58l3hBx186pSf18P9O6g46reWDoG8ddLlAkWQlt47a7WJhCIqgBQlaaVENoQ2W3Dn5NBgiQRGQ2HvD9YeN88:1qZkPN:LNUnHt3fLDuXno4CuLLAQfMAFz4piGgQygDBEMgXUJA	2023-09-09 03:56:21.914258+00
w4xqoukfy3g33vc2mfml208fhc5wkqux	.eJxVjDEOAiEQRe9CbQgMoGBp7xnIwAyyaiBZdivj3XWTLbT9773_EhHXpcZ18BwnEmehxeF3S5gf3DZAd2y3LnNvyzwluSlyp0NeO_Hzsrt_BxVH_dZs0NPJFusLg7VKOTQOQDv2EFhlHQBzImWPlIB90uwNZmeK0hwwFfH-ANqUOB4:1qaKDA:7YFWGaOZSncKTlxagkj1veIsBhznmQYj3SzWubTiof0	2023-09-10 18:10:08.715368+00
kizvlnhrw7j3ubyo6qfonmp9v4xx9c4v	.eJxVjDEOAiEQRe9CbQgMoGBp7xnIwAyyaiBZdivj3XWTLbT9773_EhHXpcZ18BwnEmehxeF3S5gf3DZAd2y3LnNvyzwluSlyp0NeO_Hzsrt_BxVH_dZs0NPJFusLg7VKOTQOQDv2EFhlHQBzImWPlIB90uwNZmeK0hwwFfH-ANqUOB4:1qbQ1w:pYMyBJL2R9HoGpULbhZZmxDC33FU5qdv579ksUUP1Ic	2023-09-13 18:35:04.466588+00
kp23aww3ipnxx53ambf98g8t5j971x5b	.eJxVjEEOwiAQRe_C2pCOMMC4dN8zEGBAqoYmpV0Z765NutDtf-_9l_BhW6vfel78xOIiUJx-txjSI7cd8D202yzT3NZlinJX5EG7HGfOz-vh_h3U0Ou3LiqxsRZIo0uOYoB4LjAYhJIxEbOyWgXjChtS2g3OlQxIiAqS0kji_QHYqzcL:1qbQJe:NCH7nAXgQsunr9CKE0RNOK5l4XHFRiLlLGLb3mz4KYY	2023-09-13 18:53:22.636009+00
qfxfwlnz6afh6xq2kaun6hs77f6u3ixy	.eJxVjEEOwiAQRe_C2pCOMMC4dN8zEGBAqoYmpV0Z765NutDtf-_9l_BhW6vfel78xOIiUJx-txjSI7cd8D202yzT3NZlinJX5EG7HGfOz-vh_h3U0Ou3LiqxsRZIo0uOYoB4LjAYhJIxEbOyWgXjChtS2g3OlQxIiAqS0kji_QHYqzcL:1qbR82:x5n-6KNL7PwsjgB_1nlgc2SPF2SUOU1KJTMP5_E3rAc	2023-09-13 19:45:26.328686+00
rwffoq07q3lze67xeura883zi6p2fn9p	.eJxVjDEOAiEQRe9CbQgMoGBp7xnIwAyyaiBZdivj3XWTLbT9773_EhHXpcZ18BwnEmehxeF3S5gf3DZAd2y3LnNvyzwluSlyp0NeO_Hzsrt_BxVH_dZs0NPJFusLg7VKOTQOQDv2EFhlHQBzImWPlIB90uwNZmeK0hwwFfH-ANqUOB4:1qddJc:opOkTgoZfJPC3YNyFjbKFUx16IRHf2gqlsZ6IIvjjuw	2023-09-19 21:10:28.427164+00
uw4x4t84e9x03nhlehjz4h2jc97xiu1a	.eJxVjDEOAiEQRe9CbQgMoGBp7xnIwAyyaiBZdivj3XWTLbT9773_EhHXpcZ18BwnEmehxeF3S5gf3DZAd2y3LnNvyzwluSlyp0NeO_Hzsrt_BxVH_dZs0NPJFusLg7VKOTQOQDv2EFhlHQBzImWPlIB90uwNZmeK0hwwFfH-ANqUOB4:1qeMmF:c8ggbBleHK9jvQGzzIhyYAAnVU4NIBRH9XbCAImMhqo	2023-09-21 21:43:03.766238+00
p8utiq8lcdvcap59ktslhbdxrv2s66nj	.eJxVjDEOAiEQRe9CbQgMoGBp7xnIwAyyaiBZdivj3XWTLbT9773_EhHXpcZ18BwnEmehxeF3S5gf3DZAd2y3LnNvyzwluSlyp0NeO_Hzsrt_BxVH_dZs0NPJFusLg7VKOTQOQDv2EFhlHQBzImWPlIB90uwNZmeK0hwwFfH-ANqUOB4:1qeORl:2JRnH8WM6PTSlMlunECPttIT9JAPDwXoviLaSIepZek	2023-09-21 23:30:01.890205+00
iv9ukns9xwoe4xnrx7i5webp605mnori	.eJxVjDEOAiEQRe9CbQgMoGBp7xnIwAyyaiBZdivj3XWTLbT9773_EhHXpcZ18BwnEmehxeF3S5gf3DZAd2y3LnNvyzwluSlyp0NeO_Hzsrt_BxVH_dZs0NPJFusLg7VKOTQOQDv2EFhlHQBzImWPlIB90uwNZmeK0hwwFfH-ANqUOB4:1qgoUE:LwH19eTdLTTcHUhqaRYs8Gbx-1mf7QWDMrqGWjpiu7s	2023-09-28 15:42:34.392474+00
tj8ogud444kkun8fjvx0467x7ceicych	.eJxVjDEOAiEQRe9CbQgMoGBp7xnIwAyyaiBZdivj3XWTLbT9773_EhHXpcZ18BwnEmehxeF3S5gf3DZAd2y3LnNvyzwluSlyp0NeO_Hzsrt_BxVH_dZs0NPJFusLg7VKOTQOQDv2EFhlHQBzImWPlIB90uwNZmeK0hwwFfH-ANqUOB4:1qgoX2:OCjWnPC0VGI67S8LDXYR-fiHyBNFRSOfNsy-gNaUcp8	2023-09-28 15:45:28.850071+00
yi363tkgwnoclsvv0noznil8ndwzy2i7	.eJxVjEEOwiAQAP_C2RBYSrt49N43NMvC2qqhSWlPxr8bkh70OjOZt5ro2OfpqHmblqSuyqK6_MJI_MylmfSgcl81r2Xflqhbok9b9bim_Lqd7d9gpjq3rxi0WcgzkkcBA2GI2VqM0g-m89l44URAXRdZAgI76F10LqBhAVCfLw91OAA:1qicwP:zVZPRmLGY5RLc-4IkhgX5SdqfZDh80Z7W1ANMTNqIwM	2023-10-03 15:47:09.60949+00
8n98iuw8t786h2bjo8qyc3ol2ns3qeaw	.eJxVjDsOwjAQBe_iGlmrdeQPJT1nsNZeLw6gWIqTCnF3sJQC2jcz76Ui7VuNey9rnFmdlVGn3y1RfpRlAL7Tcms6t2Vb56SHog_a9bVxeV4O9--gUq-jDhgksKD3BGwyiDFgjQ0gwn4yjOhEECEAJceuWM6WCtji0vS11PsD5A034g:1qij0C:XqgymF7Qlq_yvgsGanPTurSWX5XYsFzs4nzrd19JU5o	2023-10-03 22:15:28.754272+00
lusca8wgimkbnv87wwd2b5o5eevyzt9a	.eJxVjEEOwiAQRe_C2pCOMMC4dN8zEGBAqoYmpV0Z765NutDtf-_9l_BhW6vfel78xOIiUJx-txjSI7cd8D202yzT3NZlinJX5EG7HGfOz-vh_h3U0Ou3LiqxsRZIo0uOYoB4LjAYhJIxEbOyWgXjChtS2g3OlQxIiAqS0kji_QHYqzcL:1qijFt:1MpGWc7MQtGAQc1uUKnc1HIiXCC7wTjbrLwYZ4v7NeY	2023-10-03 22:31:41.941677+00
7s7oczjjqrrdxy5qlpwo8bfzboi6jjaq	.eJxVjEEOwiAQRe_C2hAGaBlcuvcMZIBBqoYmpV0Z765NutDtf-_9lwi0rTVsnZcwZXEW4MXpd4yUHtx2ku_UbrNMc1uXKcpdkQft8jpnfl4O9--gUq_f2mKkUWUoDlUxiKxJDRa8g6QTJOPHCBotW4rWm6IYmAhBkcGsBmfE-wP0EDdn:1qilpr:GUI7Gj0RnTSJzwHEsDwKX4fT2mFksWAnNeQTN8jtE-o	2023-10-04 01:16:59.857836+00
m9ympac1ua2k3kkz8dahk4y83s333w2e	.eJxVjDEOAiEQRe9CbQgMoGBp7xnIwAyyaiBZdivj3XWTLbT9773_EhHXpcZ18BwnEmehxeF3S5gf3DZAd2y3LnNvyzwluSlyp0NeO_Hzsrt_BxVH_dZs0NPJFusLg7VKOTQOQDv2EFhlHQBzImWPlIB90uwNZmeK0hwwFfH-ANqUOB4:1qimLQ:Ev4Ebz4pfdbRC6HCIc0CAvA5gSh6GQdF3P8GijXVUAg	2023-10-04 01:49:36.7467+00
ug83q5to7j33436pfxa6nffayejgmo0t	.eJxVjEEOwiAQRe_C2pAy0gIu3fcMZJgZpGpoUtqV8e7apAvd_vfef6mI21ri1mSJE6uLAnX63RLSQ-oO-I71Nmua67pMSe-KPmjT48zyvB7u30HBVr419sGAD2jAhJzJDZkpuMRn60kcZpEus2NHlI0DRgpdL8kP1goAsKj3BwSiOQY:1qm2CC:qmG49Ay6jIG5sYFeNzPyubEXCOawuNsfRTTeoTilo40	2023-10-13 01:21:32.646164+00
eqgfsb3a873p0esfekg1pfvn8xc9k7jr	.eJxVjEsOwiAUAO_C2hB-peDSvWcg70OkaiAp7cp4dyXpQrczk3mJBPtW0t7zmhYWZ-HE6Zch0CPXIfgO9dYktbqtC8qRyMN2eW2cn5ej_RsU6GVsg0YdbDSZrcboZw2ADpQjnZVBArLWUZjYo_9Ghmy0MdPkIs5GeRbvD9dvN5U:1qioUl:1Yj_2p3oELw1Cymh4fRxd7fidtPiMIzg2pxuSyhEC-E	2023-10-04 04:07:23.398649+00
g8yts8cgz3t0hb3h2zoyzj9lsbt7slru	.eJxVjDEOAiEQRe9CbQgMoGBp7xnIwAyyaiBZdivj3XWTLbT9773_EhHXpcZ18BwnEmehxeF3S5gf3DZAd2y3LnNvyzwluSlyp0NeO_Hzsrt_BxVH_dZs0NPJFusLg7VKOTQOQDv2EFhlHQBzImWPlIB90uwNZmeK0hwwFfH-ANqUOB4:1qjCjz:f_fdAppjeRQmD2wIxBzPKhEvSrNwqnTG3e9W9syAPwE	2023-10-05 06:00:43.95194+00
f7a1d7xdksj5f0ghe8i1rvuj21i68wux	.eJxVjDEOAiEQRe9CbQgMoGBp7xnIwAyyaiBZdivj3XWTLbT9773_EhHXpcZ18BwnEmehxeF3S5gf3DZAd2y3LnNvyzwluSlyp0NeO_Hzsrt_BxVH_dZs0NPJFusLg7VKOTQOQDv2EFhlHQBzImWPlIB90uwNZmeK0hwwFfH-ANqUOB4:1qjZAW:VycGTlUiyyycmJgFrqeEb_LwpTExXGSmMk4E44PTy_A	2023-10-06 05:57:36.679905+00
2sscpvtwktrccwjbc0r0da1v4ouq123m	.eJxVjDsOwjAQBe_iGlnr9Xcp6XMGa_0BB1AixUmFuDtESgHtm5n3EpG3tcWt1yWORZyFF6ffLXF-1GkH5c7TbZZ5ntZlTHJX5EG7HOZSn5fD_Tto3Nu3Vl7lyllBduwBvEFjikZtdLoWroiWUHuwIThMnoASAhEYR84aCizeH7weNiQ:1qjkba:HIQnoHuxB4FzsES9P6ilXBLBYZjnP96Sh67WxTVE-yw	2023-10-06 18:10:18.44003+00
5ij7l0tgqfo3twlf81r3agjdxymurmb6	.eJxVjDEOAiEQRe9CbQgMoGBp7xnIwAyyaiBZdivj3XWTLbT9773_EhHXpcZ18BwnEmehxeF3S5gf3DZAd2y3LnNvyzwluSlyp0NeO_Hzsrt_BxVH_dZs0NPJFusLg7VKOTQOQDv2EFhlHQBzImWPlIB90uwNZmeK0hwwFfH-ANqUOB4:1qjkeW:ARrtvYFARC2gbskYTjcOyfqttTt9aQzJTXBUqauczdY	2023-10-06 18:13:20.928827+00
9bbvlfjerekfk7gcj5znpxolepu2gn7f	.eJxVjDsOwjAQBe_iGln-JbYp6TmDtd714gBypDipEHeHSCmgfTPzXiLBtta09bKkicRZaCVOv2MGfJS2E7pDu80S57YuU5a7Ig_a5XWm8rwc7t9BhV6_NWpGC55hjKTZEEXnbYxs2cQMQwGf3aACBkOgrfMhKEdsdAAMMCoU7w8hKjhr:1qjkeg:g6wncGl_fl6HyJ3jXw58zF0XbhM2y2v3G8u1h59mHbg	2023-10-06 18:13:30.782696+00
4nkpswr9a49uiv240eq566z97lqknll2	.eJxVjDEOAiEQRe9CbQgMoGBp7xnIwAyyaiBZdivj3XWTLbT9773_EhHXpcZ18BwnEmehxeF3S5gf3DZAd2y3LnNvyzwluSlyp0NeO_Hzsrt_BxVH_dZs0NPJFusLg7VKOTQOQDv2EFhlHQBzImWPlIB90uwNZmeK0hwwFfH-ANqUOB4:1qkC6e:SHEtjrJV1u3iN5kuZzrX_02jLgAi4Tu5KxG1KO2yKQ0	2023-10-07 23:32:12.20889+00
fjm0ffi7pwrd3ba7ldtg1r82us8yxhjj	.eJxVjDEOAiEQRe9CbQgMoGBp7xnIwAyyaiBZdivj3XWTLbT9773_EhHXpcZ18BwnEmehxeF3S5gf3DZAd2y3LnNvyzwluSlyp0NeO_Hzsrt_BxVH_dZs0NPJFusLg7VKOTQOQDv2EFhlHQBzImWPlIB90uwNZmeK0hwwFfH-ANqUOB4:1qkafv:jcUiU0KFqMqUtRWKxigd2g3qBWXF3HOOUA7ZjExSOiY	2023-10-09 01:46:15.476799+00
ihg487uiovay25xsxqnzglek40zqmz95	.eJxVjDEOAiEQRe9CbQgMoGBp7xnIwAyyaiBZdivj3XWTLbT9773_EhHXpcZ18BwnEmehxeF3S5gf3DZAd2y3LnNvyzwluSlyp0NeO_Hzsrt_BxVH_dZs0NPJFusLg7VKOTQOQDv2EFhlHQBzImWPlIB90uwNZmeK0hwwFfH-ANqUOB4:1qlCx9:DFdFWC1Tf_3VqxLUFcIPAZMb0iPyS5nU0ZZ9PE7k3uU	2023-10-10 18:38:35.557547+00
3ntjzkzmokarloofy2xtsu764fqjfn6h	.eJxVjEEOwiAQRe_C2hAGaBlcuvcMZIBBqoYmpV0Z765NutDtf-_9lwi0rTVsnZcwZXEW4MXpd4yUHtx2ku_UbrNMc1uXKcpdkQft8jpnfl4O9--gUq_f2mKkUWUoDlUxiKxJDRa8g6QTJOPHCBotW4rWm6IYmAhBkcGsBmfE-wP0EDdn:1qns3R:O9BlPFmABAIBnF6I0No_KaWf4J8faYyMkK3m0md2OV8	2023-10-18 02:56:05.913832+00
u4fs8g9j95ua4fpajzfx8esndievitpn	.eJxVjEsOwiAUAO_C2hB-peDSvWcg70OkaiAp7cp4dyXpQrczk3mJBPtW0t7zmhYWZ-HE6Zch0CPXIfgO9dYktbqtC8qRyMN2eW2cn5ej_RsU6GVsg0YdbDSZrcboZw2ADpQjnZVBArLWUZjYo_9Ghmy0MdPkIs5GeRbvD9dvN5U:1qoE8L:2zdKDaaDrFak7LR7_BSFkRQwMDJSkGHR0NrkJN1YQG4	2023-10-19 02:30:37.899294+00
5wyl5auddltupqfbpb2pz7orrualvfnr	.eJxVjEEOwiAQAP_C2RBYSrt49N43NMvC2qqhSWlPxr8bkh70OjOZt5ro2OfpqHmblqSuyqK6_MJI_MylmfSgcl81r2Xflqhbok9b9bim_Lqd7d9gpjq3rxi0WcgzkkcBA2GI2VqM0g-m89l44URAXRdZAgI76F10LqBhAVCfLw91OAA:1qoFOv:JPy3l0f8cyEl1xRuX-VwlNcXO7ukYRVS-AwAgKy3SdE	2023-10-19 03:51:49.140756+00
g4z1ygfgn3qtjqa80wuh8d4pq24gj2e7	.eJxVjEEOwiAQRe_C2pCOMMC4dN8zEGBAqoYmpV0Z765NutDtf-_9l_BhW6vfel78xOIiUJx-txjSI7cd8D202yzT3NZlinJX5EG7HGfOz-vh_h3U0Ou3LiqxsRZIo0uOYoB4LjAYhJIxEbOyWgXjChtS2g3OlQxIiAqS0kji_QHYqzcL:1qoPpj:7lkEZT1hBWX7c4iVtWQaGTB8_vxSG7WBLDxAWpTNLZA	2023-10-19 15:00:11.053712+00
1sh6ku11c23bq18aszbs2daey75vauvc	.eJxVjDEOAiEQRe9CbQgMoGBp7xnIwAyyaiBZdivj3XWTLbT9773_EhHXpcZ18BwnEmehxeF3S5gf3DZAd2y3LnNvyzwluSlyp0NeO_Hzsrt_BxVH_dZs0NPJFusLg7VKOTQOQDv2EFhlHQBzImWPlIB90uwNZmeK0hwwFfH-ANqUOB4:1qou9a:qKbx1V0jfMrKgcc6qs3BK1I7WSFOAeYjkQtl2zrJ6vI	2023-10-20 23:22:42.122334+00
vy3mkgk6q6xde1irkcx3ely3uz655y3x	.eJxVjDEOAiEQRe9CbQgMoGBp7xnIwAyyaiBZdivj3XWTLbT9773_EhHXpcZ18BwnEmehxeF3S5gf3DZAd2y3LnNvyzwluSlyp0NeO_Hzsrt_BxVH_dZs0NPJFusLg7VKOTQOQDv2EFhlHQBzImWPlIB90uwNZmeK0hwwFfH-ANqUOB4:1qoxOU:z5QOIwiVVUoxyIstNN0rnROglSMVyvShDQGmoNIe-L0	2023-10-21 02:50:18.045672+00
5ms8kol4nq0h8fck00gyrffb2csi0cfk	.eJxVjDEOAiEQRe9CbQgMoGBp7xnIwAyyaiBZdivj3XWTLbT9773_EhHXpcZ18BwnEmehxeF3S5gf3DZAd2y3LnNvyzwluSlyp0NeO_Hzsrt_BxVH_dZs0NPJFusLg7VKOTQOQDv2EFhlHQBzImWPlIB90uwNZmeK0hwwFfH-ANqUOB4:1qpfkK:aDpBY10r0cYXeqT9FChEj2bh-yqsaScyG5NFlhEDmyU	2023-10-23 02:11:48.781898+00
32w3g0j9g6k539hu19wl1k3yhzq90yes	.eJxVjDsOwjAQBe_iGlmrdeQPJT1nsNZeLw6gWIqTCnF3sJQC2jcz76Ui7VuNey9rnFmdlVGn3y1RfpRlAL7Tcms6t2Vb56SHog_a9bVxeV4O9--gUq-jDhgksKD3BGwyiDFgjQ0gwn4yjOhEECEAJceuWM6WCtji0vS11PsD5A034g:1qqDt1:6b0pqFvIx0F55Zt7RtT1FP4xXCV21t75busQTA8joXE	2023-10-24 14:39:03.25428+00
e8ex62hipc1xfpwpep8q0rl2xnhqg7gi	.eJxVjEsOwiAUAO_C2hB-peDSvWcg70OkaiAp7cp4dyXpQrczk3mJBPtW0t7zmhYWZ-HE6Zch0CPXIfgO9dYktbqtC8qRyMN2eW2cn5ej_RsU6GVsg0YdbDSZrcboZw2ADpQjnZVBArLWUZjYo_9Ghmy0MdPkIs5GeRbvD9dvN5U:1qqLE2:UppRxKwTSjdysufXvat6fOhUAeK0QYV9JqTC7-a918E	2023-10-24 22:29:14.602748+00
iq4tflirg2eljwys3lu2i42b741nbe3z	.eJxVjDEOAiEQRe9CbQgMoGBp7xnIwAyyaiBZdivj3XWTLbT9773_EhHXpcZ18BwnEmehxeF3S5gf3DZAd2y3LnNvyzwluSlyp0NeO_Hzsrt_BxVH_dZs0NPJFusLg7VKOTQOQDv2EFhlHQBzImWPlIB90uwNZmeK0hwwFfH-ANqUOB4:1qqo5F:YIYuYq2cX32LEuXiTOeYSDQdvXWH0DDpanW_GvU3k1Q	2023-10-26 05:18:05.924495+00
ks44y0phrffixbn1j0k9pe3ixy0p5soo	.eJxVjDsOwjAQBe_iGlmbXTu2Kek5g-Xf4gBypDipEHeHSCmgfTPzXsKHba1-62XxUxZnYcXpd4shPUrbQb6Hdptlmtu6TFHuijxol9c5l-flcP8Oauj1W6OLqCDTCEEz5USExRmF7CJoSmUYs3GaB1akAdggg-ZkLEWLzGjE-wPNmDdN:1qr2cb:KOtQc4I7ifmGK59xNr6CwKgkWr3L3-4i73l-OGjgU8U	2023-10-26 20:49:29.902793+00
u1skc1asffihfqcjn6t3ntwo1qkhqpev	.eJxVjDsOwjAQBe_iGlmbXTu2Kek5g-Xf4gBypDipEHeHSCmgfTPzXsKHba1-62XxUxZnYcXpd4shPUrbQb6Hdptlmtu6TFHuijxol9c5l-flcP8Oauj1W6OLqCDTCEEz5USExRmF7CJoSmUYs3GaB1akAdggg-ZkLEWLzGjE-wPNmDdN:1qr2fS:REyG7H3xtrUiw-7mlyKDaoQ_4rSKysSYM-qv43x4jPE	2023-10-26 20:52:26.275766+00
27ph7ha5a0y0coknpvys47djraz447wx	.eJxVjDEOAiEQRe9CbQgMoGBp7xnIwAyyaiBZdivj3XWTLbT9773_EhHXpcZ18BwnEmehxeF3S5gf3DZAd2y3LnNvyzwluSlyp0NeO_Hzsrt_BxVH_dZs0NPJFusLg7VKOTQOQDv2EFhlHQBzImWPlIB90uwNZmeK0hwwFfH-ANqUOB4:1qrU4L:hwMPu_NRKQrvcUdJtsNB3VO3Ng5GxSeoppQZexUCEWQ	2023-10-28 02:07:57.710985+00
kceu1p5gufswbzdstzbxnykqnzbigj3s	.eJxVjDEOAiEQRe9CbQgMoGBp7xnIwAyyaiBZdivj3XWTLbT9773_EhHXpcZ18BwnEmehxeF3S5gf3DZAd2y3LnNvyzwluSlyp0NeO_Hzsrt_BxVH_dZs0NPJFusLg7VKOTQOQDv2EFhlHQBzImWPlIB90uwNZmeK0hwwFfH-ANqUOB4:1qrVUt:L58fkvxfUwjT6C_n12GAx9Kos-OT3ZvJHhF-E2dvEkU	2023-10-28 03:39:27.442032+00
2cvzo9a1pq5lphnto6xbkry2zplm37hq	.eJxVjDEOAiEQRe9CbQgMoGBp7xnIwAyyaiBZdivj3XWTLbT9773_EhHXpcZ18BwnEmehxeF3S5gf3DZAd2y3LnNvyzwluSlyp0NeO_Hzsrt_BxVH_dZs0NPJFusLg7VKOTQOQDv2EFhlHQBzImWPlIB90uwNZmeK0hwwFfH-ANqUOB4:1qsCUf:3-9s61IrGQxW9gFrhWoTxverLG0aEho5faEdpCal1kE	2023-10-30 01:34:05.669093+00
3igry702yycankwl24pi0prgt6a3yy55	.eJxVjEEOwiAQRe_C2hAGaBlcuvcMZIBBqoYmpV0Z765NutDtf-_9lwi0rTVsnZcwZXEW4MXpd4yUHtx2ku_UbrNMc1uXKcpdkQft8jpnfl4O9--gUq_f2mKkUWUoDlUxiKxJDRa8g6QTJOPHCBotW4rWm6IYmAhBkcGsBmfE-wP0EDdn:1qswkC:cgjT1vsGUY3Jrcp8NTZvMRbUW3eeKshl-wjZSRCaYAE	2023-11-01 02:57:12.070073+00
g75ejfvpovyx93bi39wib847cubeg81j	.eJxVjEsOwiAUAO_C2hB-peDSvWcg70OkaiAp7cp4dyXpQrczk3mJBPtW0t7zmhYWZ-HE6Zch0CPXIfgO9dYktbqtC8qRyMN2eW2cn5ej_RsU6GVsg0YdbDSZrcboZw2ADpQjnZVBArLWUZjYo_9Ghmy0MdPkIs5GeRbvD9dvN5U:1qtK7x:mBZg6j_cg-v6gq9Gub43wjO-n5srrICUniqr4_e7PP8	2023-11-02 03:55:17.245297+00
sfyv2k0alp8j1a4mafr8qzujqfzoilxi	.eJxVjDsOwjAQBe_iGlmrdeQPJT1nsNZeLw6gWIqTCnF3sJQC2jcz76Ui7VuNey9rnFmdlVGn3y1RfpRlAL7Tcms6t2Vb56SHog_a9bVxeV4O9--gUq-jDhgksKD3BGwyiDFgjQ0gwn4yjOhEECEAJceuWM6WCtji0vS11PsD5A034g:1qtdWy:lMNCzXXycn59vxxD1kX32KdZPA2gghJRWyzNXUJGPCo	2023-11-03 00:38:24.514696+00
ln528p4enqeliwic7g43qu40157drrvi	.eJxVjEEOwiAQRe_C2pCOMMC4dN8zEGBAqoYmpV0Z765NutDtf-_9l_BhW6vfel78xOIiUJx-txjSI7cd8D202yzT3NZlinJX5EG7HGfOz-vh_h3U0Ou3LiqxsRZIo0uOYoB4LjAYhJIxEbOyWgXjChtS2g3OlQxIiAqS0kji_QHYqzcL:1qtdZi:PQrl_VIzTwX66wA6vqnP46rwRY5C8XxIW-NsevEiXkA	2023-11-03 00:41:14.166945+00
gw349i7yc2135270p635nw1guncu5kpj	.eJxVjDEOAiEQRe9CbQgMoGBp7xnIwAyyaiBZdivj3XWTLbT9773_EhHXpcZ18BwnEmehxeF3S5gf3DZAd2y3LnNvyzwluSlyp0NeO_Hzsrt_BxVH_dZs0NPJFusLg7VKOTQOQDv2EFhlHQBzImWPlIB90uwNZmeK0hwwFfH-ANqUOB4:1qtwuy:lxNvwgLx7rVraHZO1xRd4M4v_VJCPTvBp1CXv9EiQI4	2023-11-03 21:20:28.902806+00
vg4o6jzz6spr4rijfdcuwjocrr3numvk	.eJxVjDEOAiEQRe9CbQgMoGBp7xnIwAyyaiBZdivj3XWTLbT9773_EhHXpcZ18BwnEmehxeF3S5gf3DZAd2y3LnNvyzwluSlyp0NeO_Hzsrt_BxVH_dZs0NPJFusLg7VKOTQOQDv2EFhlHQBzImWPlIB90uwNZmeK0hwwFfH-ANqUOB4:1qu56p:Sc7jRihyP8zTq8CtbA-DQFuYBh1vo8-E3sZM1RAUrgE	2023-11-04 06:05:15.540349+00
chdjyumv4miqkxl270oygzp8jaxlj83r	.eJxVjDEOAiEQRe9CbQgMoGBp7xnIwAyyaiBZdivj3XWTLbT9773_EhHXpcZ18BwnEmehxeF3S5gf3DZAd2y3LnNvyzwluSlyp0NeO_Hzsrt_BxVH_dZs0NPJFusLg7VKOTQOQDv2EFhlHQBzImWPlIB90uwNZmeK0hwwFfH-ANqUOB4:1quAVu:smfNTlY5jzw6zAXTBOyTHUsfHZsBfv550MtNF6NUlKc	2023-11-04 11:51:30.743408+00
wd8reih6lfn9634ed4l73fvjjmvxv8cv	.eJxVjDEOAiEQRe9CbQgMoGBp7xnIwAyyaiBZdivj3XWTLbT9773_EhHXpcZ18BwnEmehxeF3S5gf3DZAd2y3LnNvyzwluSlyp0NeO_Hzsrt_BxVH_dZs0NPJFusLg7VKOTQOQDv2EFhlHQBzImWPlIB90uwNZmeK0hwwFfH-ANqUOB4:1quDlm:nYA7Urw1b4C5SO1SguoVjFJzPetQxAJOc4AKySP7jNY	2023-11-04 15:20:06.606118+00
fhvwgeqzbg9vjyoi74roipbih7rhead0	.eJxVjDEOAiEQRe9CbQgMoGBp7xnIwAyyaiBZdivj3XWTLbT9773_EhHXpcZ18BwnEmehxeF3S5gf3DZAd2y3LnNvyzwluSlyp0NeO_Hzsrt_BxVH_dZs0NPJFusLg7VKOTQOQDv2EFhlHQBzImWPlIB90uwNZmeK0hwwFfH-ANqUOB4:1quJnb:Hxwong2PN7r_9ZJYJ0ncppG01bnf_re0cyZcgSAN5nA	2023-11-04 21:46:23.151769+00
j5bcwnkwhy5d090v9vysab3gvka7gwba	.eJxVjDsOwjAQRO_iGln-O6GkzxmstXeNA8iW4qRC3J1ESgHlzHszbxZgW0vYOi1hRnZl2rDLbxkhPakeBB9Q742nVtdljvxQ-Ek7nxrS63a6fwcFetnXoxKDMwKyN2nIIHMWmIQ1SlsSEhE8yYRgsyLtRxOdRVDCkEan5Z7Z5wsLKDgl:1quwOW:e1CmA4AI-ToSWwR284YDnabjwW57lo5ln-DBeE_RKvY	2023-11-06 14:59:04.755014+00
\.


--
-- Data for Name: finances_movement; Type: TABLE DATA; Schema: public; Owner: admintiburcio
--

COPY public.finances_movement (id, creation_date, description, amount, no_invoice, payment, files, payee_id, responsable_id) FROM stdin;
1	2023-08-15	Gasolina en Orizaba	500.000	f	t		7	1
2	2023-08-13	Cinta reflejante Conalep	85.000	f	t	finances/2023/08/26/Factura_cinta.pdf	5	1
3	2023-08-16	Conectores, cables y cubiertas para AMCO, factura enviada por correo	262.090	f	f		6	1
4	2023-08-15	1/2 kg de café en grano para la oficina	125.000	t	t		4	1
5	2023-08-04	Gasolina, factura enviada	500.000	f	f		1	1
6	2023-08-22	Gasolina, factura enviada	400.000	f	f		1	1
7	2023-08-25	Gasolina, factura enviada	500.000	f	f		1	1
8	2023-08-13	Gasolina, factura enviada	500.000	f	f		1	1
10	2023-08-18	Gasolina, factura enviada	800.000	f	f		1	1
11	2023-08-25	Envió de CPU a Rubén Barajas, Factura enviada	375.570	f	f		2	1
12	2023-08-25	Facturas de casetas del viaje del día 15 a Orizaba	448.000	f	f	finances/2023/08/26/BFD7283D-319E-56A9-A437-5464D653E10B.pdf	3	1
14	2023-08-15	Comidas R. Tiburcio y R. Bautista viaje a Orizaba	400.000	t	t		\N	1
20	2023-08-08	Para gasolina	-800.000	f	t		\N	1
21	2023-08-08	Gasolina, factura enviada	800.000	f	t		1	1
22	2023-08-04	Transferencia a Sergio Lara	300.000	t	f		\N	1
23	2023-08-15	Efectivo Efraín Orizaba	-825.000	t	t		\N	1
25	2023-08-15	Efectivo, Efraín, Facturable	-175.000	f	t		\N	1
26	2023-08-24	GASOLINA HUEJUTLA	680.020	f	f		8	5
27	2023-08-26	PEGAZULEJO Y PIJAS	167.000	f	f		9	5
28	2023-08-16	PINTURA KALOS	1450.420	f	f		5	5
29	2023-08-06	GASOLINA OAXACA	744.070	f	f		10	5
30	2023-08-03	GASOLINA	1028.640	f	f		11	5
31	2023-08-09	MATERIAL	1618.800	f	f		12	5
32	2023-08-04	PEGAZULEJO	220.000	f	f		12	5
33	2023-08-11	GASOLINA	859.190	f	f		11	5
34	2023-08-13	GASOLINA	930.110	f	f		10	5
35	2023-08-10	GASOLINA	400.000	f	f		11	5
36	2023-08-16	CEMENTO PEGAZULEJO	519.880	f	f		12	5
37	2023-08-19	CEMENTO	216.000	f	f		12	5
38	2023-08-19	BLOCK	185.600	f	f		12	5
39	2023-08-16	GASOLINA	467.800	f	f		1	5
40	2023-08-17	GASOLINA	678.500	f	f		1	5
41	2023-08-30	VARIOS CASETA GASOLINA AGUA ETC	1780.000	f	f		13	5
42	2023-08-05	HOSPEDAJE OAXACA	2700.000	f	f		14	5
43	2023-08-04	PISO	1781.820	f	f		5	5
44	2023-08-31	CASETAS	1700.000	f	f		3	5
45	2023-08-31	CASETA ANTIGUA	146.000	f	f		3	5
46	2023-08-31	CASETA MARTINEZ	940.000	f	f		3	5
47	2023-08-31	CASETA POZA RICA	104.000	f	f		3	5
48	2023-08-31	CD DEL CARMEN	2989.000	f	f		15	5
49	2023-08-31	Casetas curso San Antonio (Solo 2 porque esta fallando la plataforma)	254.000	f	f	finances/2023/08/31/C77F6472-C926-54EF-B13A-FC541B74816B.pdf	3	5
50	2023-08-31	Café en grano para oficina	105.000	f	f	finances/2023/08/31/A8ADC3ED-4844-11EE-AD0B-8F74630D82F3.pdf	4	5
51	2023-08-02	Enviada al facturación	500.000	f	f		1	1
52	2023-08-31	Pago de viáticos	-4695.660	f	t		\N	1
53	2023-09-02	Para migrar las licencias se tenía que compartir internet con la laptop y el plan contratado no permitía compartir	300.000	t	f		16	1
54	2023-09-05	Caseta la antigua	73.000	f	f		3	1
55	2023-09-05	Gasolina visita citro	800.000	f	f		17	1
56	2023-09-05	Radios para Cargill libranza drive	3680.000	f	f		6	1
57	2023-09-07	Pago de lo que le sobro a enrique de viaje a citro	-587.000	f	f		\N	1
58	2023-09-07	Pago de lo que le sobro a enrique de viaje a citro	-300.000	t	f		\N	1
60	2023-09-06	Pago de viaticos	-3966.000	f	t		\N	1
61	2023-09-07	Gasolina para RAM700	800.000	f	f	finances/2023/09/08/factura117912031.pdf	18	1
62	2023-09-07	Gasolina para el Sentra, Factura enviada a facturación	800.000	f	f		1	1
63	2023-09-09	Zapatas y cinchos driver torre móvil 2 cargill, facturado en tienda	469.000	f	f		19	1
65	2023-09-09	Coca-Cola y galletas, puesta en marcha variador torre móvil 2	73.000	t	f		20	1
66	2023-09-09	Comida para 4 libranza variador torre móvil 2	380.000	t	f		21	1
67	2023-09-09	Bolsa de hielo	29.000	t	f		20	1
68	2023-09-09	Tortillas y refresco para comida libranza variador torre móvil 2	72.000	t	f		22	1
69	2023-09-09	3 tortas para trabajadores una para Luis perez	300.000	t	f		23	1
71	2023-09-09	5 Gatorade durante libranza variador torre móvil 2	115.500	t	f		20	1
72	2023-09-15	Pago viáticos Facturables	-2069.000	f	t		\N	1
73	2023-10-06	Gasolina del Sentra, factura pedida por whatsapp	500.000	f	f		24	1
74	2023-10-06	Remaches para Dumez (no sirvieron no eran inox), solo facturan mas de $50	28.000	t	f		25	1
75	2023-10-09	Remaches de inoxidables y broca para poner los remaches, para Dumez	60.000	t	f		26	1
76	2023-10-09	Gasolina personal $701.70	0.000	f	f		1	1
77	2023-10-12	2 electrolit para Jorge ortiz y Rodolfo bautista	41.000	t	f		\N	1
78	2023-10-12	Galletas en oficina	-17.000	t	f		\N	1
79	2023-10-10	Pago de viáticos facturables	-500.000	f	t		\N	1
80	2023-10-13	Galletas tartinas	-15.000	t	f		\N	1
81	2023-10-13	Para gasolina	-500.000	f	t		\N	1
83	2023-10-17	Cable y adaptador hdmi para Cargill Sala Lean	898.030	f	f	finances/2023/10/19/Comprobante_IAU1411211Z5_64006.pdf	6	1
84	2023-10-17	Para compra en Steren de cargill	-898.000	f	t		\N	1
86	2023-10-18	Casetas Paso Largo	576.000	f	f	finances/2023/10/19/F326A71F-A0DB-C241-A3F5-B23BD5385727.pdf	27	1
87	2023-10-19	Casetas la antigua	146.000	f	f	finances/2023/10/19/Factura_LAA_2286722.PDF	28	1
88	2023-10-18	Comida Rodolfo B. y Rodolfo T.	125.000	t	f		29	1
89	2023-10-16	Gasolina para el sentra	500.000	f	f	finances/2023/10/22/Gasolina_sentra.pdf	24	1
91	2023-10-20	Concator para Eloy, pruebas, facturado en tienda	381.410	f	f		30	1
\.


--
-- Data for Name: profiles_client; Type: TABLE DATA; Schema: public; Owner: admintiburcio
--

COPY public.profiles_client (id, name, status, score) FROM stdin;
2	AMCO	0	10
4	SSA	0	10
7	MASECA	0	10
8	SAN ANTONIO	0	10
9	CHOCOLATERA	0	10
10	CITRO PASO LARGO	0	10
11	WALL ARQUITECTURA	0	10
12	MAJA CONSULTING GROUP	0	10
13	DISEÑE INGENIERIA/CFE LAGUNA VERDE	0	10
14	STEPAN	0	10
15	NAN	0	10
16	CITRU ALAMO	0	10
17	CUETARA	0	10
18	RJJ	0	10
19	FRIGORIFICO DE LA CUENCA DEL PAPALOAPAN 	0	10
20	CITRUSPER 	0	10
21	CHEDRAUI	0	10
22	JUAN GARCIA SANCHEZ	0	10
23	NATURGY FUERZA Y ENERGIA DE TUXPAN	0	10
24	EXTRUCCIONES METALICAS 	0	10
25	ICAVE	0	10
26	PREACERO PELLIZZARI	0	10
28	JRS	0	10
29	BALPER INSTALACIONES	0	10
30	JBT DE MÉXICO	0	10
31	PEMEX	0	10
32	SWIVEL ENERGY	0	10
33	PROCIMART	0	10
34	SHAW BREDERO	0	10
35	BREDERO SHAW	0	10
36	BENEFICIO DE CAFE	0	10
37	SIVESA	0	10
38	OFICINA	0	10
39	DUMEZ COPISA	0	10
1	DUMEZ	0	10
3	CARGILL	0	10
6	CONALEP	0	10
5	AB MAURI	0	10
27	AB MAURI2	0	10
40	CFE	0	10
\.


--
-- Data for Name: profiles_clientcontact; Type: TABLE DATA; Schema: public; Owner: admintiburcio
--

COPY public.profiles_clientcontact (id, name, phone, notes, client_id) FROM stdin;
\.


--
-- Data for Name: profiles_supplier; Type: TABLE DATA; Schema: public; Owner: admintiburcio
--

COPY public.profiles_supplier (id, name) FROM stdin;
2	DHL
3	Capufe
4	Cafiver
5	Home depot Mexico
6	Steren
7	Combustibles Real
1	Gas Playa de Vacas
8	SERVICIOS FAYAD
9	MATERIALES ZARRABAL
10	GASOLINERA ADO VER
11	FERCHEGAS
12	ZARABIA
13	SERGIO
14	HOTEL
15	WILBERTH
16	BAIT TELEFONIA
17	FERCHEGAS
18	INMOBILIARIA ROJAS Y GAS
19	FERRECAM
20	OXXO
21	Pollos Estrella
22	Tiendita
23	Tortas el gallo de cuauhtémoc
24	Gasolineria Amapolas
25	Aluvisa
26	Inoxidables el Jarocho
27	Autopista Cardel-Poza Rica
28	Gobierno del estado de Veracruz
29	Fondas y comida corrida
30	Telecontroles
\.


--
-- Data for Name: profiles_suppliercontact; Type: TABLE DATA; Schema: public; Owner: admintiburcio
--

COPY public.profiles_suppliercontact (id, name, phone, notes, supplier_id) FROM stdin;
\.


--
-- Data for Name: profiles_workerstime; Type: TABLE DATA; Schema: public; Owner: admintiburcio
--

COPY public.profiles_workerstime (id, workdate, client_id) FROM stdin;
1	2023-08-21	1
2	2023-08-21	2
3	2023-08-18	5
4	2023-08-28	6
5	2023-08-28	3
7	2023-08-16	3
6	2023-08-29	3
9	2023-09-01	3
10	2023-09-01	2
11	2023-09-02	2
12	2023-09-02	3
8	2023-08-30	3
13	2023-09-04	2
14	2023-09-04	3
15	2023-09-04	1
16	2023-09-05	6
17	2023-09-05	3
\.


--
-- Data for Name: profiles_workerstime_worker; Type: TABLE DATA; Schema: public; Owner: admintiburcio
--

COPY public.profiles_workerstime_worker (id, workerstime_id, user_id) FROM stdin;
1	1	1
2	2	3
3	3	2
4	3	3
5	4	1
6	5	3
7	5	4
8	6	3
9	6	4
10	7	1
11	6	1
13	8	3
14	9	1
15	9	6
16	10	3
17	10	4
18	11	3
19	11	4
20	12	1
21	8	4
22	13	3
23	14	1
24	15	4
25	16	1
26	17	3
27	17	4
\.


--
-- Data for Name: projects_activity; Type: TABLE DATA; Schema: public; Owner: admintiburcio
--

COPY public.projects_activity (id, name, date, end_date, description, status, incharge_id, project_id, type) FROM stdin;
505	Chaflan en parte exterior de oficina	2023-09-19	2023-09-29	Se solicita modificar el chaflan porque ingresaba el agua a la sala Lean	0	19	497	0
508	Instalación de hule	2023-09-19	2023-09-20	Se debe retirar la graba actual, colocar el hule para evitar que crezca el pasto y volver a colocar la grava	0	19	502	0
525	Ponchar conectores ethernet	2023-09-24	2023-09-26	Ponchar conectores ethernet de cámaras de vías	2	1	484	1
498	Cierre de proyecto CNC	2023-09-18	2023-09-22	Tareas necesarias para cerrar el proyecto del Conalep	1	1	438	0
516	Ingenieria para libro de proyecto	2023-09-19	2023-09-20	Realizar los planos eléctricos en CAD para integrar el libro de proyecto.	1	3	228	1
547	No planeadas CC-INX-338	2023-10-07	\N	INX-CC-338: CONSTRUCCIÓN ACCESO-HOMBRE CISTERNA PRINCIPAL	1	18	507	0
514	Cancelería de aluminio	2023-09-26	2023-10-03	Fabricación e instalación todas las puertas y ventanas de aluminio	1	18	465	1
517	Mantenimiento y rehabilitado de puertas de galería	2023-09-20	2023-09-29	Se hace la actividad y se envía la cotización cada vez que se completan 8 puertas	1	18	\N	0
520	Ejecutar la migración	2023-09-21	2023-09-21	Ejecutar la migración del servidor y los viewer, después de hacer las pruebas en el servidor ya instalado	1	1	427	1
522	CAD de alambrado eléctrico	2023-09-22	2023-09-22	Se toman datos de dispositivos instalados, sacar números de parte para descargar documentación técnica, así como la asignación de tags en diagramas	2	3	228	2
511	Obra civil y acabados (adicionales)	2023-09-19	2023-09-29	Actividades en caseta realizadas despues de las 17:45 y fines de semana	1	18	465	0
537	No planeadas CC-INX-335	2023-10-03	\N	INX-CC-335: ADICIONAL Remodelación del SITE	1	18	504	0
550	Programación del PLC s7-1200	2023-10-07	2023-10-13	Pasos considerados:\r\nCablear demo con PLC y PC como esclavo simulado\r\nProgramar comunicación entre PLC y PC\r\nCablear varios esclavos modbus RTU\r\nProgramar comunicación con varios esclavos\r\nProgramar versión final de la aplicación	1	1	508	0
531	impresión de planos a PDF	2023-09-26	2023-09-26	Se realiza la impresión y acomodo de planos, así como su acomodo en servidor de proyectos.\r\nPlanos generados:\r\nTanque cobertura blanca\r\nAtemperadora de grasa	2	3	\N	4
530	Fabricar pletina para panel	2023-09-26	2023-09-29	Fabricar la base para colocar el panel	2	1	286	1
528	Alumbrado compartimentos	2023-09-25	2023-09-29	*Preguntar estado*\r\n\r\nla actividad consiste en el tendido de tubería para la colocación de alumbrado nuevo en el área de compartimentos.	1	19	\N	0
552	Levantamientos	2023-10-01	2023-10-31	Reportes de levantamientos en general	1	1	\N	4
561	No planeadas CC-INX-343	2023-10-10	\N	INX-CC-343: REMODELACION DE BAÑO HOMBRES CONTRATISTAS	0	\N	512	0
565	No planeadas CC-INX-345	2023-10-21	\N	INX-CC-345: MANTT SIST DE TRATAMIENTO DE AGUA	0	\N	514	0
568	No planeadas CC-INX-346	2023-10-21	\N	INX-CC-346: ADICIONAL PINTURA DE INSTALACIONES	0	\N	515	0
546	Actividades planeadas CC-INX-336	2023-10-06	2023-10-12	Actividades:\r\nRecableado de variadores VDF 30A2, VDF 31A2, VDF 33A2\r\nCambiar cable de ventilacion 101M6\r\nCable nuevo equipos 115U3, 115U6, 115U9 115U11\r\nAlimentaciónes 24vdc\r\nInstalacion y cableado Paro de emergencia 125S6, 125S5, 125S9\r\nAjuste de plano nuevo p.129\r\nAjustes en equipos 190K12, 140Y2\r\nIntercambiar contactores y PLC\r\nInstalación HMI\r\nInstalacion Switch\r\nInstalacion 24vdc en plc\r\nCableado señales digitales\r\nReemplazo de puertas\r\nMontaje de dispositivos en puerta\r\nPruebas	2	3	505	1
539	No planeadas CC-INX-336	2023-10-04	\N	INX-CC-336: MODIFICACION DE MOLINO G7	2	3	505	0
502	Reparar trabe esponjada (adicional)	2023-09-20	2023-09-21	Cargill solicito que se enderezara una trabe que se esponjó desde que se colo la estructura, se sabe porque la sombra se quedó enmedio	2	1	498	0
555	Instalación de equipo	2023-10-02	2023-10-06	Instalar el equipo en la plataforma indicada	2	1	326	1
558	Identificación de cableado	2023-10-10	2023-10-11	Se debe identificar todo en cableado para colocarlo de forma provisional en otra ruta	1	1	509	1
542	Desinstalación de clima en RH	2023-10-04	2023-10-04	Retiro de clima dentro de las oficinas.	2	19	509	0
545	Preparación de panel	2023-10-05	2023-10-07	Verificar que los equipos funcionen correctametne	2	1	286	1
556	Instalación de equipo	2023-10-02	2023-10-06	Instalar el equipo en la plataforma indicada	2	1	325	0
224	Placas para identificación de gabinete gabinete	2023-09-14	2023-09-22	Fabricar las placas de identificación en acero inoxidable para los gabinetes 100-GSC-001 y 200-GSC-001	1	1	266	0
529	Tareas para cerrar proyecto	2023-09-25	2023-09-27	Las actividades necesarias para cerrar y entregar el proyecto.\r\n\r\nPara los detalles pendientes considerar:\r\n1.- Colocar accesorio para que no entre el agua en tubería por donde sale el cable que conecta la antena fuera del comedor\r\n2.- Colocar el switch de almacen dentro de un gabinete\r\n3.- Colocar el switch de bascula dentro de un gabinete\r\n4.- Cortar y volver a ponchar cable de antena de talles	1	1	484	1
564	No planeadas CC-INX-344	2023-10-17	\N	INX-CC-344: ADICIONAL MANTENIMIENTO MALLA CICLON EN CHATARRA	1	18	513	0
518	Fabricación e instalación de base para sensor	2023-09-19	2023-09-19	Fabricar y montar sensor de marca cero para el spindle, se instalo con sensor y cable que se quedara	2	2	438	0
523	Mantenimiento puertas de compartimento	2023-09-21	2023-09-29	Mantenimiento y rehabilitación de puertas de compartimiento	1	18	\N	0
526	Programación en planta	2023-09-24	2023-09-29	Programar el PLC y mostrar en cimplicity al valor que se va acumulando de la hora en curso, y el que se acumulo en la hora anterior.	1	4	496	1
569	Mantenimiento a roladora y dobladora de Cargill	2023-10-16	2023-10-28	Cerdeado y pintura de las herramientas para rolar y doblar lamina que Cargill tiene en el taller.	1	18	\N	0
515	Pruebas FAT con cliente final	2023-09-18	2023-09-21	Realizar las pruebas FAT del sistema con el cliente final	2	4	266	1
503	Quitar repello y colocar duela	2023-09-19	2023-09-26	Por solicitud del cliente se va a quitar el repello que se había colocado y se va a poner duela	2	1	497	0
548	Instalación eléctrica y climas (Adicional)	2023-10-07	2023-10-13	Actividades de instalación eléctrica y climas realizadas depuse de las 5:45 p.m. o en fines de semana.	0	1	498	0
551	Pruebas en planta	2023-10-08	2023-10-08	Realizar pruebas de comunicación y funcionamiento del sistema.	1	1	286	1
553	Trabajos menores en Cargill	2023-10-01	2023-10-31		1	1	\N	0
559	No planeadas CC-INX-341	2023-10-10	\N	INX-CC-341: ADICIONAL IDENTIFICACION Y CAMBIO DE GABINETE DE TELMEX	0	\N	510	0
562	Instalar tarjeta y programar comunicación Modbus	2023-10-10	2023-10-11	Checklist de esta actividad:\r\n\r\nInstalar la tarjeta de comunicación Modbus TCP\r\nVerificar operación del variador\r\nProgramar PLC micro800 para leer datos del drive\r\nVerificar lectura de datos en CCO	1	1	413	1
566	Inspección y limpieza cabinas de lavado 1 y 2	2023-09-01	2023-09-30	Boquilla o espreas.\r\nTubería arcos de lavado\r\nSoportes de tubería\r\nTrincheras\r\nElectroválvulas y válvulas manuales\r\nTableros:\r\n1.-Tablero de Control TC1\r\n2.-Tablero Auxiliar 1\r\n3.-Tablero Auxiliar 2\r\nLámparas de cabinas\r\nTubería eléctrica y soportes\r\nSemáforos y soporteria\r\nRegistros eléctricos.\r\nSeñalización Vial	0	10	514	1
519	Capacitación Rockwell	2023-09-20	2023-09-27	Hay que dedicarle un par de horas al día a la capacitación en línea de rockwell	1	1	\N	4
527	Obra civil en interior (adicional)	2023-09-25	2023-09-29	Actividades realizadas después de las 5:45 o sábado	1	19	498	0
510	Obra civil y acabados	2023-09-19	2023-09-29	Colado de castillos y escaleras\r\nRepello de paredes\r\nFabricación e instalación de escalera	1	18	465	1
524	Carta de aceptación	2023-09-23	2023-09-23	Se genero la carta de aceptación de proyecto, por termino de los proyectos: Maquina de goteo 2, movimiento de mezcladora, tanque cob. blanca y bomba de temperado.	2	3	\N	1
513	Instalación electrica	2023-09-19	2023-09-26	Realizar toda la instalación eléctrica dentro de la caseta	1	18	465	1
507	Desmonte vias	2023-09-19	2023-09-29	Se solicita de forma urgente se retire monte en vias, se inicia con las actividades sin que se coloque la orden de trabajo	1	19	502	0
504	Instalación electrica	2023-09-19	2023-10-03	Instalación eléctrica en sala lean	1	19	498	1
533	Fabricación de guardas Area 3	2023-09-27	2023-10-05	Fabricar guardas e instalarlas en su posición final	1	18	503	0
501	Obra civil en interior	2023-09-19	2023-09-26	> Para la parte de acabado con basecoat, se consideran 80 m2 porque son dos manos a una superficie de 40m2\r\n\r\n>Repellar loza y trabe, cerrar muros colindantes 70% terminado, colar cadenas, 1.5m, 2m, revisar alcance de reparación de muros rotos manchados	1	19	498	1
554	Cierre de proyectos terminados AMCO	2023-10-08	2023-10-14	Actividades para cerrar los proyectos ya terminados.	0	3	\N	2
560	No planeadas CC-INX-342	2023-10-10	\N	INX-CC-342: PUERTA DE ALUMINIO EQUIPO CONTRAINCENDIO	0	\N	511	0
567	Inspección y limpieza cisterna 1 y cto. de filtros	2023-10-01	2023-10-31	Tanques de Salmuera\r\nTanques de Tratamiento\r\nSistema UV\r\nVálvulas FLOTROL\r\nTubería y válvulas de PVC\r\nCárcamo y cisterna desengrasante\r\nTubería eléctrica\r\nTableros:\r\nTD3, TC4, TI1, TC\r\nControles eléctricos\r\nExtractor\r\nBomba 7.5HP\r\nElectroniveles\r\nHidroneumático\r\nMuros cto recuperación\r\nTapas de registros\r\nPuerta acceso\r\nSistema de retrolavado	0	10	514	1
\.


--
-- Data for Name: projects_activityprogress; Type: TABLE DATA; Schema: public; Owner: admintiburcio
--

COPY public.projects_activityprogress (id, name, amount, unit, activity_id) FROM stdin;
1	Equipos a migrar	6.00	equipos	520
2	Tags en planos	28.00	planos	516
3	Conectores ethernet	6.00	conectores	525
4	Programacion	100.00	%	526
5	Instalación de gabinete	1.00	gabinete	513
7	Canalización de cableado oficina taller	3.00	metros lineales	529
8	Visualización de cámaras en CCO	2.00	camaras	529
10	Conexión de monitor	1.00	monitor	529
11	Repello	60.00	m2	511
12	Repello	20.00	m2	510
14	Barandal	3.00	pzas	510
16	Repeller ranurado electrico	1.00	m2	501
18	Puertas terminadas	7.00	puertas	523
19	Puertas terminadas	18.00	puertas	517
17	Tubería electrica	66.00	m lineales	513
20	Fabricación de base	1.00	base	530
13	Colado de castillo	2.20	m lineales	510
9	Peinado de cables en CCTV	10.00	cables	529
21	Correccion de detalles	4.00	detalles	529
15	Acabado con basecoat	80.00	m2	501
22	Guardas terminadas	18.00	guardas	533
24	Cableado	66.00	m lineales	513
25	Quitar monte	500.00	m2	507
26	Actividades realizadas	15.00	actividades	546
27	Pasos completados	5.00	pasos	550
28	Visitas	2.00	visitas	551
29	Tareas	4.00	tareas	562
30	Actividades de mantto	15.00	actividades	566
31	Actividades de mantto	18.00	actividades	567
\.


--
-- Data for Name: projects_photo; Type: TABLE DATA; Schema: public; Owner: admintiburcio
--

COPY public.projects_photo (id, pictures, report_id, thumbnail) FROM stdin;
4	reportes/3/20230919_152045.jpg	3	thumbnails/reportes/3/20230919_152045_QC49QLl.jpg
6	reportes/4/20230919_160715.jpg	4	thumbnails/reportes/4/20230919_160715_5pWyVRe.jpg
7	reportes/2/Sin_título.jpg	2	thumbnails/reportes/2/Sin_título_mASkaeh.jpg
9	reportes/5/IMG-20230920-WA0024.jpg	5	thumbnails/reportes/5/IMG-20230920-WA0024_ABpxcZ7.jpg
11	reportes/10/IMG_20230919_174758.jpg	10	thumbnails/reportes/10/IMG_20230919_174758_ar3d0qv.jpg
12	reportes/11/20230920_172543.jpg	11	thumbnails/reportes/11/20230920_172543_soB9zVL.jpg
14	reportes/11/20230920_141848.jpg	11	thumbnails/reportes/11/20230920_141848_FWwUL2O.jpg
16	reportes/11/20230920_094710.jpg	11	thumbnails/reportes/11/20230920_094710_7FLEs6B.jpg
17	reportes/13/diagramas_20_09_23.jpg	13	thumbnails/reportes/13/diagramas_20_09_23_TxIM7zf.jpg
19	reportes/14/IMG_20230920_164316.jpg	14	thumbnails/reportes/14/IMG_20230920_164316_BhLZqME.jpg
21	reportes/16/IMG_20230920_165320.jpg	16	thumbnails/reportes/16/IMG_20230920_165320_XYXrycC.jpg
24	reportes/17/IMG_20230920_171650.jpg	17	thumbnails/reportes/17/IMG_20230920_171650_NQemPHy.jpg
26	reportes/17/IMG_20230920_170318.jpg	17	thumbnails/reportes/17/IMG_20230920_170318_PURtuZN.jpg
27	reportes/18/IMG-20230920-WA00332.jpg	18	thumbnails/reportes/18/IMG-20230920-WA00332_GUMbaFy.jpg
31	reportes/19/20230921_160741.jpg	19	thumbnails/reportes/19/20230921_160741_7orRSba.jpg
32	reportes/19/20230921_155214.jpg	19	thumbnails/reportes/19/20230921_155214_iOkKdQ5.jpg
30	reportes/5/IMG_5942.JPEG	5	thumbnails/reportes/5/IMG_5942.JPEG
34	reportes/20/20230921_101051.jpg	20	thumbnails/reportes/20/20230921_101051_MQREipj.jpg
35	reportes/21/20230921_101100.jpg	21	thumbnails/reportes/21/20230921_101100_OtrNmrD.jpg
37	reportes/22/IMG-20230920-WA00333.jpg	22	thumbnails/reportes/22/IMG-20230920-WA00333_cTgXLUt.jpg
39	reportes/25/IMG_20230921_142712.jpg	25	thumbnails/reportes/25/IMG_20230921_142712_ATQJ0ip.jpg
40	reportes/26/20230921_141224.jpg	26	thumbnails/reportes/26/20230921_141224_3guou2C.jpg
43	reportes/23/Captura_de_pantalla_2023-09-22_115826.png	23	thumbnails/reportes/23/Captura_de_pantalla_2023-09-22_115826.png
44	reportes/23/Captura_de_pantalla_2023-09-22_115839.png	23	thumbnails/reportes/23/Captura_de_pantalla_2023-09-22_115839.png
46	reportes/23/Captura_de_pantalla_2023-09-22_115941.png	23	thumbnails/reportes/23/Captura_de_pantalla_2023-09-22_115941.png
47	reportes/27/20230922_110005.jpg	27	thumbnails/reportes/27/20230922_110005.jpg
49	reportes/27/20230922_105557.jpg	27	thumbnails/reportes/27/20230922_105557.jpg
51	reportes/27/20230922_151652.jpg	27	thumbnails/reportes/27/20230922_151652.jpg
53	reportes/28/reporte_tanque_cobertura_blanca.jpg	28	thumbnails/reportes/28/reporte_tanque_cobertura_blanca.jpg
54	reportes/28/Mov_Mezcladora.jpg	28	thumbnails/reportes/28/Mov_Mezcladora.jpg
56	reportes/2/TAGS_CAD.jpg	2	thumbnails/reportes/2/TAGS_CAD.jpg
58	reportes/29/20230922_142000.jpg	29	thumbnails/reportes/29/20230922_142000.jpg
60	reportes/29/20230922_152246.jpg	29	thumbnails/reportes/29/20230922_152246.jpg
61	reportes/30/20230922_120806.jpg	30	thumbnails/reportes/30/20230922_120806.jpg
63	reportes/31/20230922_120722.jpg	31	thumbnails/reportes/31/20230922_120722.jpg
65	reportes/32/IMG_20230922_164118.jpg	32	thumbnails/reportes/32/IMG_20230922_164118.jpg
67	reportes/33/IMG_20230922_164038.jpg	33	thumbnails/reportes/33/IMG_20230922_164038.jpg
68	reportes/34/IMG_20230922_171513.jpg	34	thumbnails/reportes/34/IMG_20230922_171513.jpg
70	reportes/35/IMG-20230922-WA0048.jpg	35	thumbnails/reportes/35/IMG-20230922-WA0048.jpg
71	reportes/35/IMG-20230922-WA0049.jpg	35	thumbnails/reportes/35/IMG-20230922-WA0049.jpg
73	reportes/35/IMG-20230922-WA0056.jpg	35	thumbnails/reportes/35/IMG-20230922-WA0056.jpg
75	reportes/35/IMG-20230922-WA0050.jpg	35	thumbnails/reportes/35/IMG-20230922-WA0050.jpg
76	reportes/35/IMG-20230922-WA0046.jpg	35	thumbnails/reportes/35/IMG-20230922-WA0046.jpg
78	reportes/36/avance_23_09_Gr0swLq.png	36	thumbnails/reportes/36/avance_23_09_Gr0swLq.png
80	reportes/36/avance_23_09_PQcBesp.png	36	thumbnails/reportes/36/avance_23_09_PQcBesp.png
82	reportes/37/16954954779441642644301343117006.jpg	37	thumbnails/reportes/37/16954954779441642644301343117006.jpg
84	reportes/37/16954955282011813672879958448761.jpg	37	thumbnails/reportes/37/16954955282011813672879958448761.jpg
85	reportes/38/IMG-20230923-WA0030.jpg	38	thumbnails/reportes/38/IMG-20230923-WA0030.jpg
87	reportes/38/IMG-20230923-WA0028.jpg	38	thumbnails/reportes/38/IMG-20230923-WA0028.jpg
88	reportes/39/IMG-20230923-WA0027.jpg	39	thumbnails/reportes/39/IMG-20230923-WA0027.jpg
90	reportes/40/IMG-20230923-WA0032.jpg	40	thumbnails/reportes/40/IMG-20230923-WA0032.jpg
91	reportes/40/IMG-20230923-WA0031.jpg	40	thumbnails/reportes/40/IMG-20230923-WA0031.jpg
93	reportes/42/IMG-20230925-WA0006.jpg	42	thumbnails/reportes/42/IMG-20230925-WA0006.jpg
95	reportes/42/20230925_153341.jpg	42	thumbnails/reportes/42/20230925_153341.jpg
96	reportes/42/20230925_153425.jpg	42	thumbnails/reportes/42/20230925_153425.jpg
98	reportes/42/16956839891652218293125614992594.jpg	42	thumbnails/reportes/42/16956839891652218293125614992594.jpg
513	reportes/229/1697925110062.jpg	229	thumbnails/reportes/229/1697925110062.jpg
121	reportes/53/IMG-20230926-WA0007.jpeg	53	\N
181	reportes/87/WhatsApp_Image_2023-09-30_at_12.14.16_PM.jpeg	87	\N
182	reportes/87/WhatsApp_Image_2023-09-30_at_1.56.46_PM.jpeg	87	\N
183	reportes/87/WhatsApp_Image_2023-09-30_at_1.56.48_PM.jpeg	87	\N
101	reportes/44/20230925_161835.jpg	44	thumbnails/reportes/44/20230925_161835.jpg
103	reportes/45/20230925_163706.jpg	45	thumbnails/reportes/45/20230925_163706.jpg
105	reportes/46/20230926_123148.jpg	46	thumbnails/reportes/46/20230926_123148.jpg
106	reportes/46/20230926_122135.jpg	46	thumbnails/reportes/46/20230926_122135.jpg
108	reportes/46/20230926_114324.jpg	46	thumbnails/reportes/46/20230926_114324.jpg
110	reportes/47/IMG_20230925_121528.jpg	47	thumbnails/reportes/47/IMG_20230925_121528.jpg
112	reportes/50/IMG_20230925_164125.jpg	50	thumbnails/reportes/50/IMG_20230925_164125.jpg
113	reportes/50/IMG_20230925_121703.jpg	50	thumbnails/reportes/50/IMG_20230925_121703.jpg
115	reportes/51/IMG_20230926_125920.jpg	51	thumbnails/reportes/51/IMG_20230926_125920.jpg
116	reportes/52/IMG-20230925-WA0065.jpg	52	thumbnails/reportes/52/IMG-20230925-WA0065.jpg
118	reportes/52/IMG-20230925-WA0063.jpg	52	thumbnails/reportes/52/IMG-20230925-WA0063.jpg
120	reportes/53/20230926_171721_a2lZccz.jpg	53	thumbnails/reportes/53/20230926_171721_a2lZccz.jpg
123	reportes/54/20230926_160824.jpg	54	thumbnails/reportes/54/20230926_160824.jpg
124	reportes/55/1.png	55	thumbnails/reportes/55/1.png
125	reportes/55/2.png	55	thumbnails/reportes/55/2.png
127	reportes/56/IMG_20230927_113818.jpg	56	thumbnails/reportes/56/IMG_20230927_113818.jpg
129	reportes/58/IMG-20230926-WA0035.jpg	58	thumbnails/reportes/58/IMG-20230926-WA0035.jpg
131	reportes/58/IMG-20230926-WA0038.jpg	58	thumbnails/reportes/58/IMG-20230926-WA0038.jpg
132	reportes/58/IMG-20230926-WA0033.jpg	58	thumbnails/reportes/58/IMG-20230926-WA0033.jpg
134	reportes/58/IMG-20230926-WA0036.jpg	58	thumbnails/reportes/58/IMG-20230926-WA0036.jpg
135	reportes/60/20230927_154931.jpg	60	thumbnails/reportes/60/20230927_154931.jpg
137	reportes/61/20230927_163047.jpg	61	thumbnails/reportes/61/20230927_163047.jpg
139	reportes/61/20230927_154931.jpg	61	thumbnails/reportes/61/20230927_154931.jpg
141	reportes/63/20230927_153214.jpg	63	thumbnails/reportes/63/20230927_153214.jpg
142	reportes/63/20230927_152624.jpg	63	thumbnails/reportes/63/20230927_152624.jpg
144	reportes/65/20230928_153738.jpg	65	thumbnails/reportes/65/20230928_153738.jpg
145	reportes/66/20230928_124402.jpg	66	thumbnails/reportes/66/20230928_124402.jpg
147	reportes/67/20230928_153738.jpg	67	thumbnails/reportes/67/20230928_153738.jpg
149	reportes/67/20230928_124412.jpg	67	thumbnails/reportes/67/20230928_124412.jpg
150	reportes/71/curso_ev1.png	71	thumbnails/reportes/71/curso_ev1.png
152	reportes/71/studio5000.png	71	thumbnails/reportes/71/studio5000.png
154	reportes/74/20230929_165720.jpg	74	thumbnails/reportes/74/20230929_165720.jpg
155	reportes/74/20230929_164746.jpg	74	thumbnails/reportes/74/20230929_164746.jpg
157	reportes/75/20230929_161402.jpg	75	thumbnails/reportes/75/20230929_161402.jpg
159	reportes/76/20230929_161411.jpg	76	thumbnails/reportes/76/20230929_161411.jpg
161	reportes/77/IMG_20230929_170553.jpg	77	thumbnails/reportes/77/IMG_20230929_170553.jpg
162	reportes/77/IMG_20230929_170547.jpg	77	thumbnails/reportes/77/IMG_20230929_170547.jpg
164	reportes/78/IMG_20230929_170536.jpg	78	thumbnails/reportes/78/IMG_20230929_170536.jpg
166	reportes/81/IMG_20230928_153143.jpg	81	thumbnails/reportes/81/IMG_20230928_153143.jpg
167	reportes/80/IMG-20230930-WA0016.jpg	80	thumbnails/reportes/80/IMG-20230930-WA0016.jpg
169	reportes/82/IMG_20230928_153441.jpg	82	thumbnails/reportes/82/IMG_20230928_153441.jpg
171	reportes/83/IMG_20230928_153508.jpg	83	thumbnails/reportes/83/IMG_20230928_153508.jpg
172	reportes/83/IMG_20230928_153511.jpg	83	thumbnails/reportes/83/IMG_20230928_153511.jpg
174	reportes/84/IMG_20230928_142757.jpg	84	thumbnails/reportes/84/IMG_20230928_142757.jpg
176	reportes/84/IMG_20230928_142804.jpg	84	thumbnails/reportes/84/IMG_20230928_142804.jpg
177	reportes/85/IMG_20230928_153140.jpg	85	thumbnails/reportes/85/IMG_20230928_153140.jpg
179	reportes/86/IMG_20230928_153117.jpg	86	thumbnails/reportes/86/IMG_20230928_153117.jpg
184	reportes/88/IMG_20230929_123759_889_LL.jpg	88	thumbnails/reportes/88/IMG_20230929_123759_889_LL.jpg
185	reportes/90/20231002_143248.jpg	90	thumbnails/reportes/90/20231002_143248.jpg
187	reportes/90/20231002_113255.jpg	90	thumbnails/reportes/90/20231002_113255.jpg
188	reportes/90/20231002_105223.jpg	90	thumbnails/reportes/90/20231002_105223.jpg
190	reportes/90/IMG-20231002-WA0023.jpg	90	thumbnails/reportes/90/IMG-20231002-WA0023.jpg
192	reportes/91/IMG_20231002_161406_228_LL.jpg	91	thumbnails/reportes/91/IMG_20231002_161406_228_LL.jpg
194	reportes/92/IMG_20231002_105452_981.jpg	92	thumbnails/reportes/92/IMG_20231002_105452_981.jpg
196	reportes/93/IMG_20231002_105340_869.jpg	93	thumbnails/reportes/93/IMG_20231002_105340_869.jpg
197	reportes/93/IMG_20231002_161342_922.jpg	93	thumbnails/reportes/93/IMG_20231002_161342_922.jpg
216	reportes/108/IMG-20231003-WA0023.jpeg	108	\N
224	reportes/113/Photos-001_2.zip	113	\N
269	reportes/140/IMG-20231005-WA0006.jpeg	140	\N
201	reportes/95/IMG_20231002_161028_395.jpg	95	thumbnails/reportes/95/IMG_20231002_161028_395.jpg
203	reportes/106/20231003_095738.jpg	106	thumbnails/reportes/106/20231003_095738.jpg
204	reportes/106/20231003_095713.jpg	106	thumbnails/reportes/106/20231003_095713.jpg
206	reportes/106/20231003_095652.jpg	106	thumbnails/reportes/106/20231003_095652.jpg
208	reportes/108/20231003_160217.jpg	108	thumbnails/reportes/108/20231003_160217.jpg
209	reportes/108/20231003_160206.jpg	108	thumbnails/reportes/108/20231003_160206.jpg
211	reportes/108/20231003_160139.jpg	108	thumbnails/reportes/108/20231003_160139.jpg
213	reportes/108/20231003_133443.jpg	108	thumbnails/reportes/108/20231003_133443.jpg
214	reportes/108/20231003_125449.jpg	108	thumbnails/reportes/108/20231003_125449.jpg
217	reportes/111/IMG-20230903-WA00362.jpg	111	thumbnails/reportes/111/IMG-20230903-WA00362.jpg
219	reportes/111/20231003_124032.jpg	111	thumbnails/reportes/111/20231003_124032.jpg
221	reportes/112/Screenshot_20231004-081516_Photos.jpg	112	thumbnails/reportes/112/Screenshot_20231004-081516_Photos.jpg
222	reportes/112/Screenshot_20231004-081457_Photos.jpg	112	thumbnails/reportes/112/Screenshot_20231004-081457_Photos.jpg
225	reportes/113/IMG_20231003_110008_378_LL.jpg	113	thumbnails/reportes/113/IMG_20231003_110008_378_LL.jpg
227	reportes/115/20231004_180748.jpg	115	thumbnails/reportes/115/20231004_180748.jpg
228	reportes/115/20231004_150017.jpg	115	thumbnails/reportes/115/20231004_150017.jpg
230	reportes/116/20231004_122729.jpg	116	thumbnails/reportes/116/20231004_122729.jpg
231	reportes/116/20231004_122655.jpg	116	thumbnails/reportes/116/20231004_122655.jpg
233	reportes/116/20231004_122754.jpg	116	thumbnails/reportes/116/20231004_122754.jpg
234	reportes/117/20231004_151128.jpg	117	thumbnails/reportes/117/20231004_151128.jpg
236	reportes/117/20231004_155309.jpg	117	thumbnails/reportes/117/20231004_155309.jpg
238	reportes/118/20231004_110052.jpg	118	thumbnails/reportes/118/20231004_110052.jpg
239	reportes/118/20231004_110739.jpg	118	thumbnails/reportes/118/20231004_110739.jpg
241	reportes/118/20231004_165104.jpg	118	thumbnails/reportes/118/20231004_165104.jpg
243	reportes/119/IMG_20231004_165328.jpg	119	thumbnails/reportes/119/IMG_20231004_165328.jpg
244	reportes/119/IMG-20231004-WA0044.jpg	119	thumbnails/reportes/119/IMG-20231004-WA0044.jpg
246	reportes/122/IMG-20231004-WA0020.jpg	122	thumbnails/reportes/122/IMG-20231004-WA0020.jpg
248	reportes/122/IMG-20231004-WA0021.jpg	122	thumbnails/reportes/122/IMG-20231004-WA0021.jpg
249	reportes/122/IMG-20231004-WA0014.jpg	122	thumbnails/reportes/122/IMG-20231004-WA0014.jpg
251	reportes/122/IMG-20231004-WA0019.jpg	122	thumbnails/reportes/122/IMG-20231004-WA0019.jpg
253	reportes/134/IMG_20231004_165346.jpg	134	thumbnails/reportes/134/IMG_20231004_165346.jpg
254	reportes/135/IMG-20231003-WA0035.jpg	135	thumbnails/reportes/135/IMG-20231003-WA0035.jpg
256	reportes/135/IMG-20231003-WA0037.jpg	135	thumbnails/reportes/135/IMG-20231003-WA0037.jpg
258	reportes/136/IMG_20231003_155417.jpg	136	thumbnails/reportes/136/IMG_20231003_155417.jpg
259	reportes/136/IMG_20231003_155428.jpg	136	thumbnails/reportes/136/IMG_20231003_155428.jpg
261	reportes/136/IMG_20231003_155414.jpg	136	thumbnails/reportes/136/IMG_20231003_155414.jpg
263	reportes/136/IMG_20231003_160138.jpg	136	thumbnails/reportes/136/IMG_20231003_160138.jpg
264	reportes/137/IMG_20231003_155048.jpg	137	thumbnails/reportes/137/IMG_20231003_155048.jpg
266	reportes/138/IMG-20230920-WA00332.jpg	138	thumbnails/reportes/138/IMG-20230920-WA00332.jpg
268	reportes/139/20231004_113536.jpg	139	thumbnails/reportes/139/20231004_113536.jpg
271	reportes/145/20231005_144824.jpg	145	thumbnails/reportes/145/20231005_144824.jpg
272	reportes/145/20231005_144847.jpg	145	thumbnails/reportes/145/20231005_144847.jpg
273	reportes/145/20231005_113059.jpg	145	thumbnails/reportes/145/20231005_113059.jpg
275	reportes/146/IMG-20230920-WA00332.jpg	146	thumbnails/reportes/146/IMG-20230920-WA00332.jpg
277	reportes/149/IMG_20231006_192253.jpg	149	thumbnails/reportes/149/IMG_20231006_192253.jpg
278	reportes/149/IMG_20231006_192322.jpg	149	thumbnails/reportes/149/IMG_20231006_192322.jpg
280	reportes/150/IMG_20231006_192301.jpg	150	thumbnails/reportes/150/IMG_20231006_192301.jpg
282	reportes/151/IMG_20231007_120553.jpg	151	thumbnails/reportes/151/IMG_20231007_120553.jpg
283	reportes/151/IMG-20231007-WA0030.jpg	151	thumbnails/reportes/151/IMG-20231007-WA0030.jpg
285	reportes/151/IMG-20231007-WA0029.jpg	151	thumbnails/reportes/151/IMG-20231007-WA0029.jpg
287	reportes/152/IMG-20231008-WA0011.jpg	152	thumbnails/reportes/152/IMG-20231008-WA0011.jpg
288	reportes/153/IMG_20231007_110633.jpg	153	thumbnails/reportes/153/IMG_20231007_110633.jpg
290	reportes/153/IMG-20231007-WA0027.jpg	153	thumbnails/reportes/153/IMG-20231007-WA0027.jpg
292	reportes/154/IMG-20231008-WA0021.jpg	154	thumbnails/reportes/154/IMG-20231008-WA0021.jpg
293	reportes/154/IMG-20231008-WA0022.jpg	154	thumbnails/reportes/154/IMG-20231008-WA0022.jpg
514	reportes/229/1697925109969.jpg	229	thumbnails/reportes/229/1697925109969.jpg
297	reportes/154/IMG-20231008-WA0020.jpg	154	thumbnails/reportes/154/IMG-20231008-WA0020.jpg
298	reportes/154/IMG-20231008-WA0016.jpg	154	thumbnails/reportes/154/IMG-20231008-WA0016.jpg
300	reportes/156/IMG_20231001_103114.jpg	156	thumbnails/reportes/156/IMG_20231001_103114.jpg
302	reportes/157/IMG_20231006_120715.jpg	157	thumbnails/reportes/157/IMG_20231006_120715.jpg
303	reportes/157/IMG_20231006_120724.jpg	157	thumbnails/reportes/157/IMG_20231006_120724.jpg
305	reportes/158/IMG_20231005_161148.jpg	158	thumbnails/reportes/158/IMG_20231005_161148.jpg
307	reportes/159/IMG_20231005_101328.jpg	159	thumbnails/reportes/159/IMG_20231005_101328.jpg
308	reportes/161/20231006_123637.jpg	161	thumbnails/reportes/161/20231006_123637.jpg
310	reportes/161/20231006_110141.jpg	161	thumbnails/reportes/161/20231006_110141.jpg
312	reportes/162/Imagen_de_WhatsApp_2023-10-08_a_las_20.57.03_816658dd.jpg	162	thumbnails/reportes/162/Imagen_de_WhatsApp_2023-10-08_a_las_20.57.03_816658dd.jpg
314	reportes/163/Imagen_de_WhatsApp_2023-10-05_a_las_17.10.29_5901e7b6.jpg	163	thumbnails/reportes/163/Imagen_de_WhatsApp_2023-10-05_a_las_17.10.29_5901e7b6.jpg
316	reportes/163/Imagen_de_WhatsApp_2023-10-05_a_las_17.10.30_a32bbf59.jpg	163	thumbnails/reportes/163/Imagen_de_WhatsApp_2023-10-05_a_las_17.10.30_a32bbf59.jpg
318	reportes/163/Imagen_de_WhatsApp_2023-10-05_a_las_17.10.28_e62af142.jpg	163	thumbnails/reportes/163/Imagen_de_WhatsApp_2023-10-05_a_las_17.10.28_e62af142.jpg
320	reportes/163/Imagen_de_WhatsApp_2023-10-05_a_las_17.10.27_aeabca11.jpg	163	thumbnails/reportes/163/Imagen_de_WhatsApp_2023-10-05_a_las_17.10.27_aeabca11.jpg
321	reportes/163/Imagen_de_WhatsApp_2023-10-05_a_las_17.10.26_a1d38ac4.jpg	163	thumbnails/reportes/163/Imagen_de_WhatsApp_2023-10-05_a_las_17.10.26_a1d38ac4.jpg
323	reportes/163/Imagen_de_WhatsApp_2023-10-05_a_las_17.10.25_8f142252.jpg	163	thumbnails/reportes/163/Imagen_de_WhatsApp_2023-10-05_a_las_17.10.25_8f142252.jpg
325	reportes/163/Imagen_de_WhatsApp_2023-10-05_a_las_17.10.28_eba121ac.jpg	163	thumbnails/reportes/163/Imagen_de_WhatsApp_2023-10-05_a_las_17.10.28_eba121ac.jpg
326	reportes/164/IMG-20231006-WA0029.jpg	164	thumbnails/reportes/164/IMG-20231006-WA0029.jpg
328	reportes/164/IMG-20231006-WA0027.jpg	164	thumbnails/reportes/164/IMG-20231006-WA0027.jpg
329	reportes/164/IMG-20231006-WA0028.jpg	164	thumbnails/reportes/164/IMG-20231006-WA0028.jpg
331	reportes/164/IMG-20231006-WA0024.jpg	164	thumbnails/reportes/164/IMG-20231006-WA0024.jpg
333	reportes/164/IMG-20231006-WA0022.jpg	164	thumbnails/reportes/164/IMG-20231006-WA0022.jpg
334	reportes/164/IMG-20231006-WA0023.jpg	164	thumbnails/reportes/164/IMG-20231006-WA0023.jpg
336	reportes/165/IMG_20231007_151013_559_LL.jpg	165	thumbnails/reportes/165/IMG_20231007_151013_559_LL.jpg
338	reportes/165/IMG_20231007_155912_112_LL.jpg	165	thumbnails/reportes/165/IMG_20231007_155912_112_LL.jpg
340	reportes/166/IMG_20231008_152615_437_LL.jpg	166	thumbnails/reportes/166/IMG_20231008_152615_437_LL.jpg
341	reportes/166/IMG_20231008_174449_617_LL.jpg	166	thumbnails/reportes/166/IMG_20231008_174449_617_LL.jpg
343	reportes/166/IMG_20231008_174453_485_LL.jpg	166	thumbnails/reportes/166/IMG_20231008_174453_485_LL.jpg
345	reportes/167/Screenshot_20231010-083339_Photos.jpg	167	thumbnails/reportes/167/Screenshot_20231010-083339_Photos.jpg
346	reportes/167/Screenshot_20231010-083310_Photos.jpg	167	thumbnails/reportes/167/Screenshot_20231010-083310_Photos.jpg
348	reportes/168/Screenshot_20231010-083401_Photos.jpg	168	thumbnails/reportes/168/Screenshot_20231010-083401_Photos.jpg
350	reportes/169/Captura_de_pantalla_207.png	169	thumbnails/reportes/169/Captura_de_pantalla_207.png
351	reportes/169/Captura_de_pantalla_208.png	169	thumbnails/reportes/169/Captura_de_pantalla_208.png
353	reportes/171/20231010_112742.jpg	171	thumbnails/reportes/171/20231010_112742.jpg
354	reportes/171/20231010_120039.jpg	171	thumbnails/reportes/171/20231010_120039.jpg
356	reportes/172/IMG_20231010_175050.jpg	172	thumbnails/reportes/172/IMG_20231010_175050.jpg
358	reportes/173/IMG_20231009_111651.jpg	173	thumbnails/reportes/173/IMG_20231009_111651.jpg
359	reportes/173/IMG-20231010-WA0046.jpg	173	thumbnails/reportes/173/IMG-20231010-WA0046.jpg
361	reportes/174/IMG-20231010-WA0058.jpg	174	thumbnails/reportes/174/IMG-20231010-WA0058.jpg
363	reportes/174/IMG-20231010-WA0061.jpg	174	thumbnails/reportes/174/IMG-20231010-WA0061.jpg
364	reportes/174/IMG-20231010-WA0060.jpg	174	thumbnails/reportes/174/IMG-20231010-WA0060.jpg
366	reportes/175/IMG_20231009_111652.jpg	175	thumbnails/reportes/175/IMG_20231009_111652.jpg
368	reportes/175/IMG_20231009_102559.jpg	175	thumbnails/reportes/175/IMG_20231009_102559.jpg
369	reportes/175/IMG_20231009_102651.jpg	175	thumbnails/reportes/175/IMG_20231009_102651.jpg
371	reportes/176/IMG-20231009-WA0030.jpg	176	thumbnails/reportes/176/IMG-20231009-WA0030.jpg
373	reportes/178/IMG_20231009_113602_476_LL.jpg	178	thumbnails/reportes/178/IMG_20231009_113602_476_LL.jpg
374	reportes/178/IMG_20231009_153549_083_LL.jpg	178	thumbnails/reportes/178/IMG_20231009_153549_083_LL.jpg
376	reportes/178/IMG_20231009_174651_519_LL.jpg	178	thumbnails/reportes/178/IMG_20231009_174651_519_LL.jpg
378	reportes/179/IMG_20231010_170314_451_LL.jpg	179	thumbnails/reportes/179/IMG_20231010_170314_451_LL.jpg
379	reportes/179/IMG_20231010_194909_296_LL.jpg	179	thumbnails/reportes/179/IMG_20231010_194909_296_LL.jpg
381	reportes/179/IMG_20231010_194923_029_LL.jpg	179	thumbnails/reportes/179/IMG_20231010_194923_029_LL.jpg
385	reportes/181/20231010_124326.jpg	181	thumbnails/reportes/181/20231010_124326.jpg
387	reportes/183/20231011_113654.jpg	183	thumbnails/reportes/183/20231011_113654.jpg
388	reportes/183/20231011_113756.jpg	183	thumbnails/reportes/183/20231011_113756.jpg
389	reportes/183/20231011_151625.jpg	183	thumbnails/reportes/183/20231011_151625.jpg
391	reportes/184/20231011_150001.jpg	184	thumbnails/reportes/184/20231011_150001.jpg
393	reportes/184/20231011_153517.jpg	184	thumbnails/reportes/184/20231011_153517.jpg
394	reportes/185/20231011_163213.jpg	185	thumbnails/reportes/185/20231011_163213.jpg
396	reportes/185/20231011_114557.jpg	185	thumbnails/reportes/185/20231011_114557.jpg
398	reportes/186/20231012_102402.jpg	186	thumbnails/reportes/186/20231012_102402.jpg
399	reportes/186/20231012_121602.jpg	186	thumbnails/reportes/186/20231012_121602.jpg
401	reportes/188/20231011_170446.jpg	188	thumbnails/reportes/188/20231011_170446.jpg
403	reportes/188/20231011_170441.jpg	188	thumbnails/reportes/188/20231011_170441.jpg
405	reportes/192/IMG_20231013_084616_950_LL.jpg	192	thumbnails/reportes/192/IMG_20231013_084616_950_LL.jpg
406	reportes/192/IMG_20231013_115324_917_LL.jpg	192	thumbnails/reportes/192/IMG_20231013_115324_917_LL.jpg
408	reportes/194/IMG_20231011_123605_300_LL.jpg	194	thumbnails/reportes/194/IMG_20231011_123605_300_LL.jpg
410	reportes/194/IMG_20231011_192232_130_LL.jpg	194	thumbnails/reportes/194/IMG_20231011_192232_130_LL.jpg
411	reportes/194/IMG_20231011_192244_909_LL.jpg	194	thumbnails/reportes/194/IMG_20231011_192244_909_LL.jpg
413	reportes/194/IMG_20231011_123605_300_LL_5OCSD18.jpg	194	thumbnails/reportes/194/IMG_20231011_123605_300_LL_5OCSD18.jpg
415	reportes/194/IMG_20231011_192232_130_LL_uFEQzCw.jpg	194	thumbnails/reportes/194/IMG_20231011_192232_130_LL_uFEQzCw.jpg
417	reportes/194/IMG_20231011_192241_154_LL_iZ9pjW3.jpg	194	thumbnails/reportes/194/IMG_20231011_192241_154_LL_iZ9pjW3.jpg
418	reportes/195/IMG_20231014_151533_466_LL.jpg	195	thumbnails/reportes/195/IMG_20231014_151533_466_LL.jpg
420	reportes/195/IMG_20231014_161146_603.jpg	195	thumbnails/reportes/195/IMG_20231014_161146_603.jpg
422	reportes/196/IMG_20231016_122507_600_LL.jpg	196	thumbnails/reportes/196/IMG_20231016_122507_600_LL.jpg
423	reportes/196/IMG_20231016_122720_005.jpg	196	thumbnails/reportes/196/IMG_20231016_122720_005.jpg
425	reportes/197/20231016_165526.jpg	197	thumbnails/reportes/197/20231016_165526.jpg
426	reportes/197/20231016_164942.jpg	197	thumbnails/reportes/197/20231016_164942.jpg
428	reportes/198/20231016_095309.jpg	198	thumbnails/reportes/198/20231016_095309.jpg
430	reportes/199/20231016_164834.jpg	199	thumbnails/reportes/199/20231016_164834.jpg
431	reportes/200/20231016_093134.jpg	200	thumbnails/reportes/200/20231016_093134.jpg
433	reportes/201/20231017_093940.jpg	201	thumbnails/reportes/201/20231017_093940.jpg
435	reportes/201/20231017_104139.jpg	201	thumbnails/reportes/201/20231017_104139.jpg
436	reportes/201/20231017_104146.jpg	201	thumbnails/reportes/201/20231017_104146.jpg
438	reportes/202/IMG-20231016-WA0017.jpg	202	thumbnails/reportes/202/IMG-20231016-WA0017.jpg
439	reportes/202/IMG_20231016_114817.jpg	202	thumbnails/reportes/202/IMG_20231016_114817.jpg
441	reportes/203/IMG_20231016_114809.jpg	203	thumbnails/reportes/203/IMG_20231016_114809.jpg
443	reportes/204/IMG_20231017_095909_522.jpg	204	thumbnails/reportes/204/IMG_20231017_095909_522.jpg
445	reportes/205/20231017_121230.jpg	205	thumbnails/reportes/205/20231017_121230.jpg
446	reportes/205/20231017_120641.jpg	205	thumbnails/reportes/205/20231017_120641.jpg
448	reportes/205/20231017_171034.jpg	205	thumbnails/reportes/205/20231017_171034.jpg
449	reportes/206/20231017_125002.jpg	206	thumbnails/reportes/206/20231017_125002.jpg
451	reportes/206/20231017_102210.jpg	206	thumbnails/reportes/206/20231017_102210.jpg
453	reportes/201/20231017_102901.jpg	201	thumbnails/reportes/201/20231017_102901.jpg
454	reportes/207/20231017_102356.jpg	207	thumbnails/reportes/207/20231017_102356.jpg
456	reportes/209/IMG-20231018-WA0014.jpg	209	thumbnails/reportes/209/IMG-20231018-WA0014.jpg
458	reportes/209/IMG-20231018-WA0051.jpg	209	thumbnails/reportes/209/IMG-20231018-WA0051.jpg
459	reportes/209/IMG-20231018-WA0050.jpg	209	thumbnails/reportes/209/IMG-20231018-WA0050.jpg
461	reportes/210/IMG-20231018-WA0003.jpg	210	thumbnails/reportes/210/IMG-20231018-WA0003.jpg
462	reportes/210/IMG-20231018-WA0010.jpg	210	thumbnails/reportes/210/IMG-20231018-WA0010.jpg
464	reportes/210/IMG-20231018-WA0008.jpg	210	thumbnails/reportes/210/IMG-20231018-WA0008.jpg
466	reportes/210/IMG-20231018-WA0013.jpg	210	thumbnails/reportes/210/IMG-20231018-WA0013.jpg
467	reportes/210/IMG-20231018-WA0006.jpg	210	thumbnails/reportes/210/IMG-20231018-WA0006.jpg
469	reportes/211/IMG-20231017-WA0057.jpg	211	thumbnails/reportes/211/IMG-20231017-WA0057.jpg
471	reportes/213/IMG-20231018-WA0033.jpg	213	thumbnails/reportes/213/IMG-20231018-WA0033.jpg
472	reportes/213/IMG-20231018-WA0032.jpg	213	thumbnails/reportes/213/IMG-20231018-WA0032.jpg
474	reportes/213/IMG-20231018-WA0035.jpg	213	thumbnails/reportes/213/IMG-20231018-WA0035.jpg
476	reportes/212/IMG_20231018_142104.jpg	212	thumbnails/reportes/212/IMG_20231018_142104.jpg
515	reportes/230/1697925109882.jpg	230	thumbnails/reportes/230/1697925109882.jpg
500	reportes/223/CARTA_ACEPTACION.pdf	223	\N
41	reportes/23/Captura_de_pantalla_2023-09-22_115609.png	23	thumbnails/reportes/23/Captura_de_pantalla_2023-09-22_115609.png
42	reportes/23/Captura_de_pantalla_2023-09-22_115813.png	23	thumbnails/reportes/23/Captura_de_pantalla_2023-09-22_115813.png
45	reportes/23/Captura_de_pantalla_2023-09-22_115907.png	23	thumbnails/reportes/23/Captura_de_pantalla_2023-09-22_115907.png
48	reportes/27/20230922_105710.jpg	27	thumbnails/reportes/27/20230922_105710.jpg
50	reportes/27/20230922_091644.jpg	27	thumbnails/reportes/27/20230922_091644.jpg
52	reportes/28/temperadora_de_grasa.jpg	28	thumbnails/reportes/28/temperadora_de_grasa.jpg
55	reportes/2/TAGS.png	2	thumbnails/reportes/2/TAGS.png
57	reportes/29/20230922_142023.jpg	29	thumbnails/reportes/29/20230922_142023.jpg
59	reportes/29/20230922_152122.jpg	29	thumbnails/reportes/29/20230922_152122.jpg
62	reportes/30/20230922_124859.jpg	30	thumbnails/reportes/30/20230922_124859.jpg
64	reportes/31/20230922_165210.jpg	31	thumbnails/reportes/31/20230922_165210.jpg
66	reportes/32/IMG_20230922_164127.jpg	32	thumbnails/reportes/32/IMG_20230922_164127.jpg
69	reportes/34/IMG_20230922_163440.jpg	34	thumbnails/reportes/34/IMG_20230922_163440.jpg
72	reportes/35/IMG-20230922-WA0055.jpg	35	thumbnails/reportes/35/IMG-20230922-WA0055.jpg
74	reportes/35/IMG-20230922-WA0053.jpg	35	thumbnails/reportes/35/IMG-20230922-WA0053.jpg
77	reportes/36/avance_23_09.png	36	thumbnails/reportes/36/avance_23_09.png
79	reportes/36/avance_23_09_2QNkQk3.png	36	thumbnails/reportes/36/avance_23_09_2QNkQk3.png
81	reportes/37/1695495456282956469850892461363.jpg	37	thumbnails/reportes/37/1695495456282956469850892461363.jpg
83	reportes/37/16954955134372281149275501163948.jpg	37	thumbnails/reportes/37/16954955134372281149275501163948.jpg
86	reportes/38/IMG-20230923-WA0029.jpg	38	thumbnails/reportes/38/IMG-20230923-WA0029.jpg
89	reportes/40/IMG-20230923-WA0034.jpg	40	thumbnails/reportes/40/IMG-20230923-WA0034.jpg
479	reportes/214/IMG-20231018-WA0064.jpg	214	thumbnails/reportes/214/IMG-20231018-WA0064.jpg
481	reportes/214/IMG-20231018-WA0075.jpg	214	thumbnails/reportes/214/IMG-20231018-WA0075.jpg
482	reportes/214/IMG-20231018-WA0074.jpg	214	thumbnails/reportes/214/IMG-20231018-WA0074.jpg
484	reportes/214/IMG-20231018-WA0060.jpg	214	thumbnails/reportes/214/IMG-20231018-WA0060.jpg
486	reportes/217/Screenshot_20231019-082222_Photos.jpg	217	thumbnails/reportes/217/Screenshot_20231019-082222_Photos.jpg
488	reportes/218/Screenshot_20231019-082026_Photos.jpg	218	thumbnails/reportes/218/Screenshot_20231019-082026_Photos.jpg
490	reportes/218/Screenshot_20231019-082045_Photos.jpg	218	thumbnails/reportes/218/Screenshot_20231019-082045_Photos.jpg
491	reportes/218/Screenshot_20231019-082200_Photos.jpg	218	thumbnails/reportes/218/Screenshot_20231019-082200_Photos.jpg
493	reportes/220/Screenshot_20231019-082235_Photos.jpg	220	thumbnails/reportes/220/Screenshot_20231019-082235_Photos.jpg
495	reportes/221/IMG_20231018_164908_812.jpg	221	thumbnails/reportes/221/IMG_20231018_164908_812.jpg
496	reportes/221/IMG_20231018_164910_901.jpg	221	thumbnails/reportes/221/IMG_20231018_164910_901.jpg
498	reportes/222/isometrico.png	222	thumbnails/reportes/222/isometrico.png
499	reportes/222/lista_mat..png	222	thumbnails/reportes/222/lista_mat..png
502	reportes/224/20231019_124148.jpg	224	thumbnails/reportes/224/20231019_124148.jpg
503	reportes/224/20231019_151205.jpg	224	thumbnails/reportes/224/20231019_151205.jpg
505	reportes/225/20231019_154023.jpg	225	thumbnails/reportes/225/20231019_154023.jpg
507	reportes/226/20231019_121547.jpg	226	thumbnails/reportes/226/20231019_121547.jpg
508	reportes/226/20231019_164125.jpg	226	thumbnails/reportes/226/20231019_164125.jpg
510	reportes/227/Captura_de_pantalla_209.png	227	thumbnails/reportes/227/Captura_de_pantalla_209.png
512	reportes/227/20231019_203130.jpg	227	thumbnails/reportes/227/20231019_203130.jpg
1	reportes/1/IMG_20230919_103214.jpg	1	thumbnails/reportes/1/IMG_20230919_103214_kFHwBb3.jpg
3	reportes/3/20230919_162436.jpg	3	thumbnails/reportes/3/20230919_162436_NqUv0xN.jpg
5	reportes/4/20230919_160443.jpg	4	thumbnails/reportes/4/20230919_160443_ig7ZyVp.jpg
10	reportes/9/16952435667513027883671217954980.jpg	9	thumbnails/reportes/9/16952435667513027883671217954980_lHbldJe.jpg
13	reportes/11/20230920_154958.jpg	11	thumbnails/reportes/11/20230920_154958_PnoQidS.jpg
15	reportes/11/20230920_120150.jpg	11	thumbnails/reportes/11/20230920_120150_LgddyUN.jpg
18	reportes/14/IMG_20230920_164312.jpg	14	thumbnails/reportes/14/IMG_20230920_164312_oZu5Ysy.jpg
20	reportes/15/IMG_20230920_171420.jpg	15	thumbnails/reportes/15/IMG_20230920_171420_1nVwn2K.jpg
23	reportes/17/IMG_20230920_133713.jpg	17	thumbnails/reportes/17/IMG_20230920_133713_o1ZLO9w.jpg
25	reportes/17/IMG_20230920_170114.jpg	17	thumbnails/reportes/17/IMG_20230920_170114_TJU1mnL.jpg
28	reportes/18/20230920_170101.jpg	18	thumbnails/reportes/18/20230920_170101_hDtwq2P.jpg
33	reportes/19/20230921_115941.jpg	19	thumbnails/reportes/19/20230921_115941_0WNb176.jpg
36	reportes/21/20230921_115836.jpg	21	thumbnails/reportes/21/20230921_115836_aF69mW5.jpg
38	reportes/24/IMG_20230921_175100.jpg	24	thumbnails/reportes/24/IMG_20230921_175100_QUpdZ8y.jpg
92	reportes/42/IMG-20230925-WA0008.jpg	42	thumbnails/reportes/42/IMG-20230925-WA0008.jpg
94	reportes/42/20230925_153429.jpg	42	thumbnails/reportes/42/20230925_153429.jpg
97	reportes/42/16956835934966360155674208020967.jpg	42	thumbnails/reportes/42/16956835934966360155674208020967.jpg
2	reportes/3/20230919_123717.jpg	3	thumbnails/reportes/3/20230919_123717_gbWZjZm.jpg
22	reportes/16/IMG_20230920_165324.jpg	16	thumbnails/reportes/16/IMG_20230920_165324_EYqaW9e.jpg
99	reportes/42/20230925_154218.jpg	42	thumbnails/reportes/42/20230925_154218.jpg
100	reportes/43/20230925_161817.jpg	43	thumbnails/reportes/43/20230925_161817.jpg
102	reportes/45/20230925_144117.jpg	45	thumbnails/reportes/45/20230925_144117.jpg
104	reportes/45/20230925_165357.jpg	45	thumbnails/reportes/45/20230925_165357.jpg
107	reportes/46/20230926_114315.jpg	46	thumbnails/reportes/46/20230926_114315.jpg
109	reportes/46/20230926_114341.jpg	46	thumbnails/reportes/46/20230926_114341.jpg
111	reportes/47/IMG_20230925_121528_GqBogEv.jpg	47	thumbnails/reportes/47/IMG_20230925_121528_GqBogEv.jpg
114	reportes/51/IMG_20230922_171513.jpg	51	thumbnails/reportes/51/IMG_20230922_171513.jpg
117	reportes/52/IMG-20230925-WA0066.jpg	52	thumbnails/reportes/52/IMG-20230925-WA0066.jpg
119	reportes/53/20230926_171721.jpg	53	thumbnails/reportes/53/20230926_171721.jpg
122	reportes/54/20230926_114426.jpg	54	thumbnails/reportes/54/20230926_114426.jpg
126	reportes/56/IMG_20230927_113825.jpg	56	thumbnails/reportes/56/IMG_20230927_113825.jpg
128	reportes/57/IMG_20230926_125942.jpg	57	thumbnails/reportes/57/IMG_20230926_125942.jpg
130	reportes/58/IMG-20230926-WA0041.jpg	58	thumbnails/reportes/58/IMG-20230926-WA0041.jpg
133	reportes/58/IMG-20230926-WA0037.jpg	58	thumbnails/reportes/58/IMG-20230926-WA0037.jpg
136	reportes/60/20230927_155330.jpg	60	thumbnails/reportes/60/20230927_155330.jpg
138	reportes/61/20230927_155026.jpg	61	thumbnails/reportes/61/20230927_155026.jpg
140	reportes/62/20230927_144047.jpg	62	thumbnails/reportes/62/20230927_144047.jpg
143	reportes/64/Screenshot_20230928_224733_Samsung_Notes.jpg	64	thumbnails/reportes/64/Screenshot_20230928_224733_Samsung_Notes.jpg
146	reportes/66/20230928_095841.jpg	66	thumbnails/reportes/66/20230928_095841.jpg
148	reportes/67/20230928_153350.jpg	67	thumbnails/reportes/67/20230928_153350.jpg
151	reportes/71/m800.png	71	thumbnails/reportes/71/m800.png
153	reportes/73/Captura_de_pantalla_204.png	73	thumbnails/reportes/73/Captura_de_pantalla_204.png
156	reportes/74/20230929_161400.jpg	74	thumbnails/reportes/74/20230929_161400.jpg
158	reportes/76/20230929_161416.jpg	76	thumbnails/reportes/76/20230929_161416.jpg
160	reportes/77/IMG_20230929_170551.jpg	77	thumbnails/reportes/77/IMG_20230929_170551.jpg
163	reportes/78/IMG_20230929_170440.jpg	78	thumbnails/reportes/78/IMG_20230929_170440.jpg
165	reportes/79/IMG_20230928_153122.jpg	79	thumbnails/reportes/79/IMG_20230928_153122.jpg
168	reportes/80/IMG-20230930-WA0014.jpg	80	thumbnails/reportes/80/IMG-20230930-WA0014.jpg
170	reportes/82/IMG_20230928_153440.jpg	82	thumbnails/reportes/82/IMG_20230928_153440.jpg
173	reportes/83/IMG_20230928_153515.jpg	83	thumbnails/reportes/83/IMG_20230928_153515.jpg
175	reportes/84/IMG_20230928_142801.jpg	84	thumbnails/reportes/84/IMG_20230928_142801.jpg
178	reportes/85/IMG_20230928_153144.jpg	85	thumbnails/reportes/85/IMG_20230928_153144.jpg
180	reportes/86/IMG_20230928_153117_58DQxwl.jpg	86	thumbnails/reportes/86/IMG_20230928_153117_58DQxwl.jpg
186	reportes/90/20231002_143207.jpg	90	thumbnails/reportes/90/20231002_143207.jpg
189	reportes/90/20231002_144850.jpg	90	thumbnails/reportes/90/20231002_144850.jpg
191	reportes/91/IMG_20231002_121134_104.jpg	91	thumbnails/reportes/91/IMG_20231002_121134_104.jpg
193	reportes/92/IMG_20231002_105445_416_LL.jpg	92	thumbnails/reportes/92/IMG_20231002_105445_416_LL.jpg
195	reportes/92/IMG_20231002_161310_198_LL.jpg	92	thumbnails/reportes/92/IMG_20231002_161310_198_LL.jpg
198	reportes/94/IMG_20231002_110025_414.jpg	94	thumbnails/reportes/94/IMG_20231002_110025_414.jpg
199	reportes/96/IMG_20231002_161028_395.jpg	96	thumbnails/reportes/96/IMG_20231002_161028_395.jpg
200	reportes/97/IMG_20231002_160948_234.jpg	97	thumbnails/reportes/97/IMG_20231002_160948_234.jpg
202	reportes/106/20231003_095924.jpg	106	thumbnails/reportes/106/20231003_095924.jpg
205	reportes/106/20231003_095701.jpg	106	thumbnails/reportes/106/20231003_095701.jpg
207	reportes/108/20231003_160227.jpg	108	thumbnails/reportes/108/20231003_160227.jpg
210	reportes/108/20231003_160151.jpg	108	thumbnails/reportes/108/20231003_160151.jpg
212	reportes/108/20231003_160123.jpg	108	thumbnails/reportes/108/20231003_160123.jpg
215	reportes/108/IMG-20231003-WA0042.jpg	108	thumbnails/reportes/108/IMG-20231003-WA0042.jpg
218	reportes/111/20231003_155812.jpg	111	thumbnails/reportes/111/20231003_155812.jpg
220	reportes/112/Screenshot_20231004-081529_Photos.jpg	112	thumbnails/reportes/112/Screenshot_20231004-081529_Photos.jpg
223	reportes/112/Screenshot_20231004-081447_Photos.jpg	112	thumbnails/reportes/112/Screenshot_20231004-081447_Photos.jpg
226	reportes/113/IMG_20231003_104800_322_LL.jpg	113	thumbnails/reportes/113/IMG_20231003_104800_322_LL.jpg
229	reportes/115/20231004_150525.jpg	115	thumbnails/reportes/115/20231004_150525.jpg
232	reportes/116/20231004_122737.jpg	116	thumbnails/reportes/116/20231004_122737.jpg
235	reportes/117/20231004_145038.jpg	117	thumbnails/reportes/117/20231004_145038.jpg
237	reportes/117/20231004_165015.jpg	117	thumbnails/reportes/117/20231004_165015.jpg
240	reportes/118/20231004_154306.jpg	118	thumbnails/reportes/118/20231004_154306.jpg
242	reportes/119/IMG_20231004_165346.jpg	119	thumbnails/reportes/119/IMG_20231004_165346.jpg
245	reportes/119/IMG-20231004-WA0045.jpg	119	thumbnails/reportes/119/IMG-20231004-WA0045.jpg
247	reportes/122/IMG-20231004-WA0042.jpg	122	thumbnails/reportes/122/IMG-20231004-WA0042.jpg
250	reportes/122/IMG-20231004-WA0018.jpg	122	thumbnails/reportes/122/IMG-20231004-WA0018.jpg
252	reportes/134/IMG_20231003_155338.jpg	134	thumbnails/reportes/134/IMG_20231003_155338.jpg
255	reportes/135/IMG-20231003-WA0036.jpg	135	thumbnails/reportes/135/IMG-20231003-WA0036.jpg
257	reportes/135/IMG-20231003-WA0039.jpg	135	thumbnails/reportes/135/IMG-20231003-WA0039.jpg
260	reportes/136/IMG_20231003_155412.jpg	136	thumbnails/reportes/136/IMG_20231003_155412.jpg
262	reportes/136/IMG_20231003_160136.jpg	136	thumbnails/reportes/136/IMG_20231003_160136.jpg
265	reportes/138/20231004_155504.jpg	138	thumbnails/reportes/138/20231004_155504.jpg
267	reportes/139/20231004_114002.jpg	139	thumbnails/reportes/139/20231004_114002.jpg
270	reportes/141/16965530013575129719956634153815.jpg	141	thumbnails/reportes/141/16965530013575129719956634153815.jpg
274	reportes/146/20231005_153758.jpg	146	thumbnails/reportes/146/20231005_153758.jpg
276	reportes/149/IMG_20231006_192242.jpg	149	thumbnails/reportes/149/IMG_20231006_192242.jpg
279	reportes/150/IMG_20231006_192312.jpg	150	thumbnails/reportes/150/IMG_20231006_192312.jpg
281	reportes/151/IMG_20231007_094521.jpg	151	thumbnails/reportes/151/IMG_20231007_094521.jpg
284	reportes/151/IMG-20231007-WA0031.jpg	151	thumbnails/reportes/151/IMG-20231007-WA0031.jpg
286	reportes/152/IMG_20231007_091256.jpg	152	thumbnails/reportes/152/IMG_20231007_091256.jpg
289	reportes/153/IMG_20231007_110638.jpg	153	thumbnails/reportes/153/IMG_20231007_110638.jpg
291	reportes/153/IMG-20231007-WA0026.jpg	153	thumbnails/reportes/153/IMG-20231007-WA0026.jpg
294	reportes/154/IMG-20231008-WA0023.jpg	154	thumbnails/reportes/154/IMG-20231008-WA0023.jpg
295	reportes/154/IMG-20231008-WA0018.jpg	154	thumbnails/reportes/154/IMG-20231008-WA0018.jpg
296	reportes/154/IMG-20231008-WA0019.jpg	154	thumbnails/reportes/154/IMG-20231008-WA0019.jpg
299	reportes/156/IMG_20231001_103009.jpg	156	thumbnails/reportes/156/IMG_20231001_103009.jpg
301	reportes/157/IMG_20231006_120710.jpg	157	thumbnails/reportes/157/IMG_20231006_120710.jpg
304	reportes/158/IMG_20231005_161144.jpg	158	thumbnails/reportes/158/IMG_20231005_161144.jpg
306	reportes/159/IMG_20231005_120955.jpg	159	thumbnails/reportes/159/IMG_20231005_120955.jpg
309	reportes/161/20231006_143435.jpg	161	thumbnails/reportes/161/20231006_143435.jpg
311	reportes/162/Imagen_de_WhatsApp_2023-10-08_a_las_20.57.03_2c42b1a1.jpg	162	thumbnails/reportes/162/Imagen_de_WhatsApp_2023-10-08_a_las_20.57.03_2c42b1a1.jpg
313	reportes/162/Imagen_de_WhatsApp_2023-10-08_a_las_20.57.04_e71211d2.jpg	162	thumbnails/reportes/162/Imagen_de_WhatsApp_2023-10-08_a_las_20.57.04_e71211d2.jpg
315	reportes/163/Imagen_de_WhatsApp_2023-10-05_a_las_17.10.29_1df1f3a9.jpg	163	thumbnails/reportes/163/Imagen_de_WhatsApp_2023-10-05_a_las_17.10.29_1df1f3a9.jpg
317	reportes/163/Imagen_de_WhatsApp_2023-10-05_a_las_17.10.31_93dd67f6.jpg	163	thumbnails/reportes/163/Imagen_de_WhatsApp_2023-10-05_a_las_17.10.31_93dd67f6.jpg
319	reportes/163/Imagen_de_WhatsApp_2023-10-05_a_las_17.10.27_66b72a52.jpg	163	thumbnails/reportes/163/Imagen_de_WhatsApp_2023-10-05_a_las_17.10.27_66b72a52.jpg
322	reportes/163/Imagen_de_WhatsApp_2023-10-05_a_las_17.10.25_cef92c8b.jpg	163	thumbnails/reportes/163/Imagen_de_WhatsApp_2023-10-05_a_las_17.10.25_cef92c8b.jpg
324	reportes/163/Imagen_de_WhatsApp_2023-10-05_a_las_17.10.24_9cf1e03a.jpg	163	thumbnails/reportes/163/Imagen_de_WhatsApp_2023-10-05_a_las_17.10.24_9cf1e03a.jpg
327	reportes/164/IMG-20231006-WA0030.jpg	164	thumbnails/reportes/164/IMG-20231006-WA0030.jpg
330	reportes/164/IMG-20231006-WA0026.jpg	164	thumbnails/reportes/164/IMG-20231006-WA0026.jpg
332	reportes/164/IMG-20231006-WA0025.jpg	164	thumbnails/reportes/164/IMG-20231006-WA0025.jpg
335	reportes/164/IMG-20231006-WA0021.jpg	164	thumbnails/reportes/164/IMG-20231006-WA0021.jpg
337	reportes/165/IMG_20231007_091932_767_LL.jpg	165	thumbnails/reportes/165/IMG_20231007_091932_767_LL.jpg
339	reportes/166/IMG_20231008_105736_524_LL.jpg	166	thumbnails/reportes/166/IMG_20231008_105736_524_LL.jpg
342	reportes/166/IMG_20231008_152623_921_LL.jpg	166	thumbnails/reportes/166/IMG_20231008_152623_921_LL.jpg
344	reportes/167/Screenshot_20231010-083426_Photos.jpg	167	thumbnails/reportes/167/Screenshot_20231010-083426_Photos.jpg
347	reportes/167/Screenshot_20231010-083256_Photos.jpg	167	thumbnails/reportes/167/Screenshot_20231010-083256_Photos.jpg
349	reportes/168/Screenshot_20231010-083350_Photos.jpg	168	thumbnails/reportes/168/Screenshot_20231010-083350_Photos.jpg
352	reportes/169/Captura_de_pantalla_208_k8ev5Uz.png	169	thumbnails/reportes/169/Captura_de_pantalla_208_k8ev5Uz.png
355	reportes/172/IMG_20231010_175055.jpg	172	thumbnails/reportes/172/IMG_20231010_175055.jpg
357	reportes/172/IMG_20231010_175026.jpg	172	thumbnails/reportes/172/IMG_20231010_175026.jpg
360	reportes/173/IMG-20231010-WA0048.jpg	173	thumbnails/reportes/173/IMG-20231010-WA0048.jpg
362	reportes/174/IMG-20231010-WA0057.jpg	174	thumbnails/reportes/174/IMG-20231010-WA0057.jpg
365	reportes/174/IMG-20231010-WA0059.jpg	174	thumbnails/reportes/174/IMG-20231010-WA0059.jpg
367	reportes/175/IMG_20231009_102529.jpg	175	thumbnails/reportes/175/IMG_20231009_102529.jpg
370	reportes/176/IMG_20231009_125103.jpg	176	thumbnails/reportes/176/IMG_20231009_125103.jpg
372	reportes/178/IMG_20231009_104149_219_LL.jpg	178	thumbnails/reportes/178/IMG_20231009_104149_219_LL.jpg
375	reportes/178/IMG_20231009_153552_435_LL.jpg	178	thumbnails/reportes/178/IMG_20231009_153552_435_LL.jpg
377	reportes/179/IMG_20231010_111923_683_LL.jpg	179	thumbnails/reportes/179/IMG_20231010_111923_683_LL.jpg
380	reportes/179/IMG_20231010_194912_692_LL.jpg	179	thumbnails/reportes/179/IMG_20231010_194912_692_LL.jpg
382	reportes/180/20231010_102340.jpg	180	thumbnails/reportes/180/20231010_102340.jpg
383	reportes/180/20231010_164305.jpg	180	thumbnails/reportes/180/20231010_164305.jpg
384	reportes/181/20231010_122156.jpg	181	thumbnails/reportes/181/20231010_122156.jpg
386	reportes/182/Screenshot_20231011-123700_Photos.jpg	182	thumbnails/reportes/182/Screenshot_20231011-123700_Photos.jpg
390	reportes/183/20231011_151220.jpg	183	thumbnails/reportes/183/20231011_151220.jpg
392	reportes/184/20231011_114540.jpg	184	thumbnails/reportes/184/20231011_114540.jpg
395	reportes/185/20231011_163345.jpg	185	thumbnails/reportes/185/20231011_163345.jpg
397	reportes/186/20231012_143127.jpg	186	thumbnails/reportes/186/20231012_143127.jpg
400	reportes/186/20231012_104236.jpg	186	thumbnails/reportes/186/20231012_104236.jpg
402	reportes/188/20231011_170435.jpg	188	thumbnails/reportes/188/20231011_170435.jpg
404	reportes/192/IMG_20231013_105409_845_LL.jpg	192	thumbnails/reportes/192/IMG_20231013_105409_845_LL.jpg
407	reportes/193/20231014_100607.jpg	193	thumbnails/reportes/193/20231014_100607.jpg
409	reportes/194/IMG_20231011_161516_509_LL.jpg	194	thumbnails/reportes/194/IMG_20231011_161516_509_LL.jpg
412	reportes/194/IMG_20231011_192241_154_LL.jpg	194	thumbnails/reportes/194/IMG_20231011_192241_154_LL.jpg
414	reportes/194/IMG_20231011_161516_509_LL_j9TpgWG.jpg	194	thumbnails/reportes/194/IMG_20231011_161516_509_LL_j9TpgWG.jpg
416	reportes/194/IMG_20231011_192244_909_LL_09D05pH.jpg	194	thumbnails/reportes/194/IMG_20231011_192244_909_LL_09D05pH.jpg
419	reportes/195/IMG_20231014_082528_839.jpg	195	thumbnails/reportes/195/IMG_20231014_082528_839.jpg
421	reportes/195/IMG_20231014_142349_375.jpg	195	thumbnails/reportes/195/IMG_20231014_142349_375.jpg
424	reportes/196/IMG_20231016_122735_575.jpg	196	thumbnails/reportes/196/IMG_20231016_122735_575.jpg
427	reportes/197/20231016_164652.jpg	197	thumbnails/reportes/197/20231016_164652.jpg
429	reportes/199/20231016_164731.jpg	199	thumbnails/reportes/199/20231016_164731.jpg
432	reportes/201/20231017_092730.jpg	201	thumbnails/reportes/201/20231017_092730.jpg
434	reportes/201/20231017_094828.jpg	201	thumbnails/reportes/201/20231017_094828.jpg
437	reportes/201/20231017_113452.jpg	201	thumbnails/reportes/201/20231017_113452.jpg
440	reportes/203/IMG_20231016_114803.jpg	203	thumbnails/reportes/203/IMG_20231016_114803.jpg
442	reportes/204/IMG_20231017_095902_931_LL.jpg	204	thumbnails/reportes/204/IMG_20231017_095902_931_LL.jpg
444	reportes/204/IMG_20231017_120915_318_LL.jpg	204	thumbnails/reportes/204/IMG_20231017_120915_318_LL.jpg
447	reportes/205/20231017_124338.jpg	205	thumbnails/reportes/205/20231017_124338.jpg
450	reportes/206/20231017_124635.jpg	206	thumbnails/reportes/206/20231017_124635.jpg
452	reportes/206/20231017_124732.jpg	206	thumbnails/reportes/206/20231017_124732.jpg
455	reportes/207/20231017_123819.jpg	207	thumbnails/reportes/207/20231017_123819.jpg
457	reportes/209/IMG-20231018-WA0015.jpg	209	thumbnails/reportes/209/IMG-20231018-WA0015.jpg
460	reportes/210/IMG-20231018-WA0004.jpg	210	thumbnails/reportes/210/IMG-20231018-WA0004.jpg
463	reportes/210/IMG-20231018-WA0009.jpg	210	thumbnails/reportes/210/IMG-20231018-WA0009.jpg
465	reportes/210/IMG-20231018-WA0007.jpg	210	thumbnails/reportes/210/IMG-20231018-WA0007.jpg
468	reportes/211/IMG-20231017-WA0052.jpg	211	thumbnails/reportes/211/IMG-20231017-WA0052.jpg
470	reportes/211/IMG-20231017-WA0056.jpg	211	thumbnails/reportes/211/IMG-20231017-WA0056.jpg
473	reportes/213/IMG-20231018-WA0034.jpg	213	thumbnails/reportes/213/IMG-20231018-WA0034.jpg
475	reportes/212/IMG_20231018_142115.jpg	212	thumbnails/reportes/212/IMG_20231018_142115.jpg
477	reportes/212/IMG_20231018_142054.jpg	212	thumbnails/reportes/212/IMG_20231018_142054.jpg
478	reportes/214/IMG-20231018-WA0070.jpg	214	thumbnails/reportes/214/IMG-20231018-WA0070.jpg
480	reportes/214/IMG-20231018-WA0071.jpg	214	thumbnails/reportes/214/IMG-20231018-WA0071.jpg
483	reportes/214/IMG-20231018-WA0072.jpg	214	thumbnails/reportes/214/IMG-20231018-WA0072.jpg
485	reportes/216/20231018_111452.jpg	216	thumbnails/reportes/216/20231018_111452.jpg
487	reportes/217/Screenshot_20231019-082742_Photos.jpg	217	thumbnails/reportes/217/Screenshot_20231019-082742_Photos.jpg
489	reportes/218/Screenshot_20231019-082035_Photos.jpg	218	thumbnails/reportes/218/Screenshot_20231019-082035_Photos.jpg
492	reportes/220/Screenshot_20231019-082244_Photos.jpg	220	thumbnails/reportes/220/Screenshot_20231019-082244_Photos.jpg
494	reportes/220/Screenshot_20231019-082252_Photos.jpg	220	thumbnails/reportes/220/Screenshot_20231019-082252_Photos.jpg
497	reportes/221/IMG_20231018_165116_240.jpg	221	thumbnails/reportes/221/IMG_20231018_165116_240.jpg
501	reportes/224/20231019_100347.jpg	224	thumbnails/reportes/224/20231019_100347.jpg
504	reportes/225/20231019_112026.jpg	225	thumbnails/reportes/225/20231019_112026.jpg
506	reportes/226/20231019_144901.jpg	226	thumbnails/reportes/226/20231019_144901.jpg
509	reportes/227/Captura_de_pantalla_210.png	227	thumbnails/reportes/227/Captura_de_pantalla_210.png
511	reportes/227/Captura_de_pantalla_208.png	227	thumbnails/reportes/227/Captura_de_pantalla_208.png
8	reportes/7/IMG_20230919_101513.jpg	7	thumbnails/reportes/7/IMG_20230919_101513_Vz4tYlt.jpg
29	reportes/5/EB2347F8-65A7-4D73-BD5C-1647A10DC0DA.jpg	5	thumbnails/reportes/5/EB2347F8-65A7-4D73-BD5C-1647A10DC0DA_EByA6a2.jpg
516	reportes/230/1697925109919.jpg	230	thumbnails/reportes/230/1697925109919.jpg
517	reportes/230/1697925110196.jpg	230	thumbnails/reportes/230/1697925110196.jpg
518	reportes/230/1697925110239.jpg	230	thumbnails/reportes/230/1697925110239.jpg
519	reportes/231/20231020_113955.jpg	231	thumbnails/reportes/231/20231020_113955.jpg
520	reportes/231/20231020_124635.jpg	231	thumbnails/reportes/231/20231020_124635.jpg
521	reportes/231/20231020_145328.jpg	231	thumbnails/reportes/231/20231020_145328.jpg
522	reportes/232/20231020_105645.jpg	232	thumbnails/reportes/232/20231020_105645.jpg
523	reportes/232/20231020_105845.jpg	232	thumbnails/reportes/232/20231020_105845.jpg
524	reportes/232/20231020_162837.jpg	232	thumbnails/reportes/232/20231020_162837.jpg
525	reportes/233/20231020_125001.jpg	233	thumbnails/reportes/233/20231020_125001.jpg
526	reportes/234/20231022_121536.jpg	234	thumbnails/reportes/234/20231022_121536.jpg
\.


--
-- Data for Name: projects_project; Type: TABLE DATA; Schema: public; Owner: admintiburcio
--

COPY public.projects_project (id, name, date, end_date, status, client_id, manager_id, type, cc_number) FROM stdin;
1	HOTEL PLAZA SOL	2021-08-07	2021-08-07	3	11	1	0	1
337	 MONITORES DE SEÑALES DE TORRES 1 Y 2 	2021-08-07	\N	3	3	2	0	11
349	 PUNTOS DE ACCESO BANDA 1, TORRE MOVIL 1 Y 2 	2021-08-07	\N	3	3	\N	2	29
363	 SERVICIOS VARIOS EJECUTADOS CIMPLICITY, ANTENAS Y BATERIAS 	2021-08-07	\N	3	3	\N	2	44
28	MEDICION DE SISTEMA TIERRA TORRES	2021-08-07	\N	3	3	1	0	28
381	 SRVICIOS VARIOS EJECUTADOS 	2021-08-07	\N	3	3	\N	2	64
3	 CABLE RHW MAJA	2021-08-07	\N	3	12	\N	0	3
390	 Servicios Confirguracion-Programacion y Sensores PT-100	2021-08-07	\N	3	3	1	2	83
4	 CABLE RHW COMPLEMENTO	2021-08-07	\N	3	12	\N	0	4
5	 PRUEBAS VLF	2021-08-07	\N	3	13	\N	0	5
20	 MASECA	2021-08-07	\N	3	7	\N	0	20
21	 STEPAN	2021-08-07	\N	3	14	\N	0	21
24	 DIAGNOSTICO REPORTES DREAM REPORT 	2021-08-07	\N	3	\N	\N	2	24
25	 VERIFICACION BASE DATOS MS SQL	2021-08-07	\N	3	\N	\N	2	25
26	 ELECTRODOS 	2021-08-07	\N	2	\N	\N	0	26
42	 MANTT. SISTEMA DE TRATAMIENTO DE AGUA SSA 	2021-08-07	\N	2	4	\N	0	42
57	 INTEGRACION SEÑALES CALDERAS AB MAURI 	2021-08-07	\N	2	27	1	0	57
70	 SAN ANTONIO- HARINAS	2021-08-07	\N	2	8	\N	0	70
71	 RJJ-CD VICTORIA	2021-08-07	\N	2	18	\N	0	71
73	 Anemometros Maseca	2021-08-07	\N	3	7	1	0	73
75	 Actualizacion Pasteurizadora	2021-08-07	\N	3	16	1	2	75
412	 REFUERZO PUENTE BC-04 LADO IZQUIERDO INFERIOR	2021-11-25	\N	3	3	\N	0	130
77	 MACERADOR DEL SERVIDOR	2021-08-07	\N	2	7	1	0	77
78	 RETROLAVADO Y SISTEMA DE TIERRA	2021-08-07	\N	2	4	\N	0	78
79	 SERVICIOS DE CALIBRACION  	2021-08-07	\N	3	4	\N	2	79
80	 TORRETA   	2021-08-07	\N	2	7	\N	2	80
81	 BENEFICIOS DE CAFE 	2021-08-07	\N	2	36	\N	0	81
82	 CHOCOLATERA	2021-08-07	\N	3	9	\N	0	82
87	 LUMINARIAS TUBOS LED	2021-08-12	\N	2	18	\N	1	87
89	 Servicios Ecovosa	2021-08-09	\N	2	37	\N	2	89
90	 LUMINARIAS CON FOTOCELDA 	2021-08-12	\N	2	18	\N	1	90
91	 VALVULA BOLA WORC 	2021-08-12	\N	2	18	\N	1	91
92	 CONTACTOR TRIFASICO,	2021-08-12	\N	2	18	\N	1	92
93	 EXTRUCCIONES METALICAS 	2021-08-18	\N	2	24	\N	1	93
98	 SENSOR DE TEMPRERATURA 	2021-09-07	\N	3	18	\N	1	98
99	 CABLE 	2021-09-07	\N	3	7	\N	1	99
100	 TRASMISOR DE PRESION 	2021-09-09	\N	3	4	\N	1	100
105	 ELECTROVALVULA 	2021-09-24	\N	3	18	\N	1	105
106	 FRIGORIFICO DE LA CUENCA DEL PAPALOAPAN 	2021-09-24	\N	3	19	\N	1	106
107	 Instalación de filtros y manómetros en sistema de lavado PTON-AGC	2021-09-27	\N	3	4	\N	1	107
110	 REUBICACION DE EQUIPOS 	2021-09-30	\N	2	8	\N	0	110
111	 MATERIAL 	2021-10-06	\N	3	18	\N	1	111
112	 MANOMETROS 	2021-10-06	\N	3	4	\N	1	112
113	 VARIADOR DE FRECUENCIA 	2021-10-07	\N	3	18	\N	1	113
117	 SERVICIO DE CORRECCION EN LA  LOGICA EN LA TRANSPORTADORA  ENVAFLEX	2021-10-16	\N	3	17	1	2	117
119	 DIAG. FALLA MAQUINA AMAZADORA	2021-10-26	\N	2	17	1	2	119
120	 SERVICIO DE CONFIGRUACION DE POLYPACK	2021-10-26	\N	2	7	\N	2	120
121	 ARRANCADORES SUAVES 300HP Y 250HP	2021-10-26	\N	3	7	1	0	121
123	 CABLE BLINDADO, MANGUERA Y CONECTORES	2021-10-26	\N	3	7	\N	1	123
127	 RTD, CONTROLADOR,VARIADOR,FLUJOMETRO	2021-10-29	\N	3	20	\N	1	127
132	 MATERIALES RME-283 Y RME-284	2021-12-04	\N	3	20	\N	1	132
133	 MATERIAL ELECTRICO PURGAS	2021-12-04	\N	3	20	\N	1	133
134	 CITROFRUT DESPULPADORA	2021-12-07	\N	3	16	\N	1	134
138	 ACTUALIZACION ARCO DE LAVADO 2	2021-12-16	\N	3	4	1	0	138
139	 DETECTORES DE HUMO CHEDRAUI	2021-12-17	\N	3	21	\N	0	139
142	 ARRANCADOR SUAVE	2021-12-29	\N	3	20	\N	1	142
143	 CONVERTIDOR DE MEDIOS	2021-12-29	\N	3	16	\N	1	143
144	 CENTRO MODULAR DE MEDICION	2021-12-29	\N	3	22	\N	1	144
147	 CALIBRACION DE INSTRUMENTOS EN PARADA	2022-01-07	\N	3	23	\N	2	147
149	 VFD,GAB,TUBOS LED,VENTILADOR	2022-01-17	\N	3	20	\N	1	149
150	 PLC CENTRIFUGA DESPULPADORA	2022-01-24	\N	3	18	\N	0	150
151	 CHAROLA SISTEMA LICOR	2022-01-24	\N	3	9	\N	0	151
153	 MAQUINA DE GOTEO	2022-02-11	\N	3	9	\N	0	153
154	 SERVICIOS DE PROGRAMACION	2022-02-11	\N	3	24	\N	2	154
155	 TUBERIA, ACCESORIOS, CABLE Y VARIADOR	2022-02-11	\N	3	20	\N	1	155
157	 ALIMENTACIÓN HVAC Y BOMBA	2022-02-12	\N	3	9	\N	0	157
158	 MANTTO A MACROPOSTES	2022-02-12	\N	3	25	\N	0	158
160	 VARIADOR POWERFLEX 40	2022-02-15	\N	3	24	\N	1	160
161	 MODULO CONTADOR, ENCODER Y VARIADORES	2022-02-15	\N	3	24	\N	1	161
163	 LICENCIA, CPU Y SERVICIO	2022-03-04	\N	3	16	\N	2	163
165	 DIAGNOSTICO E IDENTIFICACION DE FALLA	2022-03-08	\N	3	26	\N	2	165
167	 MODULOS ANALOGICOS	2022-03-11	\N	3	24	\N	1	167
168	 CABLE ADAPTADOR PC-USB	2022-03-11	\N	3	24	\N	1	168
171	 CARTUCHO FILTROS	2022-03-23	\N	3	4	\N	1	171
172	 MANTENIMIENTO A INSTALACION ELECTRICA DEPOSITO DE PILETAS	2022-03-24	\N	3	8	\N	0	172
174	 OPTICAL LINK MODULE	2022-04-13	\N	3	27	\N	1	174
179	 LLENADO TANQUES SELMI.CHOLACA	2022-04-22	\N	3	9	2	0	179
180	 PNOZ PILZ	2022-04-26	\N	3	27	\N	1	180
181	 MODULO ENLACE OPT RESTANTES	2022-04-26	\N	3	27	\N	1	181
407	 TUBERIA COBRE AIRE SERVICIOS VIAS	2021-10-26	\N	3	3	\N	0	124
191	 VENTILADOR EBMPAPST	2022-05-16	\N	3	16	\N	0	191
193	 GABINETE A PRUEBA DE POLVO Y HUMEDAD	2022-05-19	\N	3	20	\N	0	193
194	 SUPRESION DE INCENDIO PARA CAMPANA	2022-05-19	\N	3	21	\N	0	194
195	 MIGRACION PANELES	2022-05-26	\N	3	9	\N	0	195
197	 SIMATIC HMI	2022-06-06	\N	3	9	\N	1	197
424	 VENTANALES Y BARANDALES TORRE DE BODEGA	2022-03-07	\N	3	3	\N	0	164
201	 ALIMENTACION ELECTRICA HELICOIDAL	2022-06-25	\N	3	9	2	0	201
435	 RETIRO TUBERIA OBSOLETA COLECTORES POLVO	2022-05-12	\N	3	3	\N	2	186
202	 MODULO DE COMUNICACIÓN	2022-06-30	\N	3	28	\N	0	202
203	 MODULO DE CONTROL DIRECCIONABLE	2022-07-04	\N	2	7	\N	0	203
448	 Servicio de ingeniería para identificación de iluminación	2022-08-11	\N	3	3	10	2	216
204	 CHAROLA GRANILLO	2022-07-06	\N	3	9	\N	0	204
465	 CONSTRUCCION DE CASETA PARA BASCULA CAMIONERA	2023-01-17	\N	0	3	9	0	267
205	 VARIADOR ALLEN BRADLEY	2022-07-12	\N	3	24	\N	1	205
208	 DESARROLLO DE INGENIERÍA MECANICA PARA LOS PROYECTOS EN PLANTA CLARIANT MÉXICO	2022-07-13	\N	3	29	\N	2	208
209	 EXTENSIÓN DE ELECTROVÁLVULAS	2022-07-18	\N	3	9	\N	0	209
502	ADICIONAL DESMONTE DE VIAS	2023-09-19	2023-09-29	0	3	19	0	333
211	 KIT PARA VALVULA 	2022-07-23	\N	3	16	\N	0	211
213	 MODULOS DIGITALES	2022-08-09	\N	3	30	\N	1	213
215	 CALIBRACION DE EQUIPOS FLUKE	2022-08-11	\N	3	4	\N	2	215
219	 AUTOMATIZACION HIDRO	2022-08-18	\N	1	7	2	0	219
251	COMUNICACIONES RED AS-i	2022-11-17	\N	3	10	2	0	251
220	 INST DE PANTALLA PASTEURIZADOR	2022-08-18	\N	3	16	\N	0	220
313	MOVIMIENTO DE MEZCLADORA	2023-07-03	\N	3	9	2	0	313
221	 SIEMENS CONTACTO AUX	2022-08-19	\N	3	24	\N	2	221
319	TANQUE DE LLENADO DE COBERTURA BLANCA	2023-07-17	\N	3	9	2	0	319
222	 INVERSOR DRIVE 4.0KW	2022-08-27	\N	3	9	\N	1	222
323	SUMINISTRO DE EQUIPOS AB MAURI	2023-07-28	\N	3	27	2	1	323
223	 INTEGRACION NUEVO MOLINO	2022-09-01	\N	3	9	\N	0	223
320	COMPRESOR DE PULPA ASEPTIC	2023-07-19	\N	3	16	2	1	320
224	 INST SISTEMA ALARMA GJA JAMAPA 1 Y 2	2022-09-02	\N	3	8	\N	0	224
328	INSTALACION CLIMA TCE	2023-08-25	\N	3	\N	1	1	328
228	MAQUINA DE GOTEO 2	2022-09-10	2023-09-22	3	9	3	0	228
229	 SCALPER	2022-09-10	\N	3	10	2	0	229
243	ALIM ELECTRICA TQS NUEVOS	2022-10-21	\N	3	9	3	0	243
230	 BARTH 2	2022-09-10	\N	3	9	\N	0	230
231	 SISTEMA DE REFRIGERACIÓN	2022-09-15	\N	1	8	10	0	231
273	NUEVA NAVE DE PROCESO	2023-02-15	\N	0	33	2	0	273
232	 VARIADOR DE VELOCIDAD VEIGKON	2022-09-26	\N	3	10	2	1	232
233	 SIMATIC HMI KTP700	2022-09-26	\N	3	9	\N	1	233
277	ESTUDIO DE TIERRA FISICA PLANTA ALAMO	2023-02-23	\N	3	16	1	2	277
237	 CLAMP ON	2022-10-07	\N	3	31	\N	0	237
239	 TRANSDUCTOR DE CORRIENTE 	2022-10-17	\N	3	20	\N	1	239
282	INTERCAMBIADORES COBERTURA 1	2023-03-14	\N	4	9	1	0	282
241	 LUMINARIO TIPO CAMPANA DE LED	2022-10-17	\N	3	20	\N	1	241
242	 HERRAMIENTAS TRUPER	2022-10-17	\N	3	20	\N	1	242
246	 TRANSFORMADOR TIPO SUBESTACIÓN	2022-10-27	\N	3	8	2	0	246
248	 INST GENERADOR TRANSFE-ALIM BT TINAJAS 2	2022-11-15	\N	3	8	\N	0	248
249	 HERRAMIENTA WIHA TOOLS	2022-11-16	\N	3	31	\N	1	249
250	 CONVERTIDOR SERIAL SCADA	2022-11-16	\N	3	31	\N	1	250
252	 MANTENIMIENTO DE TABLEROS B4	2022-11-18	\N	3	23	\N	0	252
254	 DRIVE PN	2022-11-23	\N	3	16	\N	1	254
256	 RFI UNIT	2022-12-06	\N	3	16	\N	1	256
262	 TRANSFORMADOR TLALIXCOYAN	2022-12-16	\N	3	8	\N	0	262
263	 HAL	2022-12-16	\N	3	32	2	0	263
264	 PROCIMART	2022-12-26	\N	3	33	\N	0	264
265	 PROFIBUS	2022-12-27	\N	3	8	\N	1	265
266	 DUMEZ - DEMAR PLC EMERSON RX3i	2023-01-03	\N	0	39	2	0	266
268	 ARRANCADOR SUAVE 	2023-01-20	\N	3	8	\N	1	268
270	 CAMBIO DE RED PROFIBUS A PROFINET	2023-01-27	\N	3	10	2	0	270
271	 TARJETA ABB	2023-02-01	\N	3	10	2	0	271
279	 INSTALACION DE BASCULA SIGMA 	2023-03-10	\N	0	8	2	0	279
281	 REPARACION BOMBA GOULDS 50 HP	2023-03-10	\N	3	4	2	2	281
283	 Variador Frecuencia 20 HP (440VoltsAC) 	2023-03-10	\N	3	10	2	1	283
285	 BOMBA CENTRIFUGA HORIZONTAL 7,5 HP ACERO INOX	2023-03-17	\N	3	4	2	1	285
286	 MIGRACION DE LINEAS PAQUETINES PETERS 2	2023-03-24	\N	0	17	1	0	286
291	 SERVICIOS DE ALINEACIÓN DE EJES	2023-04-01	\N	3	34	2	2	291
296	 SISTEMA DE ALARMA 12 CASETAS BAYO	2023-04-26	\N	3	8	2	0	296
302	 VENTILADOR TIPO PISO 	2023-05-10	\N	3	35	2	1	302
305	 HALL HORIZON LIBRANZA MTTO TRANSFORMADOR	2023-05-12	\N	3	32	2	2	305
311	 SUMINISTRO DE CABLE PARA SINAMICS	2023-05-30	\N	3	19	2	1	311
324	 ANALISIS DE VIBRACION EN CAMPO	2023-08-03	\N	0	35	2	2	324
325	 INSTALACION GENERADOR GERTRUDIS 3	2023-08-16	\N	0	8	2	2	325
327	 INSTALACION GENERADOR CARLOS 3	2023-08-16	\N	0	8	2	2	327
6	 HOTEL PLAZA SOL COMPLEMENTO 1er NIVEL 	2021-08-07	\N	3	11	\N	0	6
333	 SISTEMA PRESURIZADO TRANSFORMADORES 	2021-08-07	\N	3	3	\N	0	7
334	 CLIMAS LABORATORIO Y MICOTOXINA	2021-08-07	\N	3	3	\N	0	8
501	ROUGER	2023-09-11	2023-09-22	3	40	2	0	332
335	 MANTTO. PANELES SOLARES	2021-08-07	\N	3	3	\N	0	9
336	 EXTRATORES TORRES 1 Y 2 	2021-08-07	\N	3	3	\N	0	10
338	 INTERRUPTOR DE OFICINA 	2021-08-07	\N	3	3	2	2	12
339	 MIGRACION TAB 6 	2021-08-07	\N	2	3	\N	0	13
340	 MANTTO. CLIMAS ABRIL 	2021-08-07	\N	3	3	\N	2	14
341	 SERVICIO BANCO DE CAPACITORES 	2021-08-07	\N	3	3	\N	2	15
342	 SISTEMA DE CONTROL DE TOLVAS 	2021-08-07	\N	2	3	1	0	16
343	 TABLETAS	2021-08-07	\N	3	3	\N	1	17
344	 UPS SMART APC	2021-08-07	\N	3	3	\N	1	18
345	 SISTEMA DE ILUMINACION VIAS 	2021-08-07	\N	3	3	1	0	19
346	 RELEVADORES	2021-08-07	\N	3	3	\N	1	22
348	 RUTA DE FO	2021-08-07	\N	2	3	\N	0	27
350	 CONTACTOR DE POTENCIA 	2021-08-07	\N	3	3	\N	1	30
351	 RENTA DE ANDAMIOS 	2021-09-07	\N	3	3	\N	2	31
352	 RESPALDO BASE DE DATOS 	2021-08-07	\N	3	3	\N	2	32
353	 SERVICIOS VARIOS EJECUTADOS 	2021-08-07	\N	3	3	\N	2	33
354	 BATERIAS ACIDO PLOMO 	2021-08-07	\N	3	3	\N	1	34
355	 BATERIA ACIDO PLOMO FALTANTE 	2021-08-07	\N	3	3	\N	1	35
356	 INTERRUPTORES 150-200 A	2021-08-07	\N	3	3	\N	1	36
357	 MANTENIMIENTO VIGAS PUNTO DE CARGA 	2021-08-07	\N	3	3	\N	2	37
358	 TORRE ANDAMIOS CARGILL 	2021-08-07	\N	3	3	\N	2	38
359	 MANTT CLIMAS OCTUBRE 	2021-08-07	\N	3	3	\N	2	39
360	 CLIMA SALA DE JUNTAS 	2021-08-07	\N	3	3	\N	2	40
361	 GUARDAS PARA GALERIA 	2021-08-07	\N	3	3	\N	2	41
362	 CLIMAS COMEDOR 	2021-08-07	\N	3	3	\N	2	43
364	 BARANDALES PARA TOLVA 	2021-08-07	\N	3	3	\N	2	45
365	 SERVICIO DE PINTADO LABORATORIO MICOTOXINAS	2021-08-07	\N	3	3	\N	2	46
366	 TRABAJOS ADICIONALES TOLVAS 	2021-08-07	\N	3	3	\N	2	47
367	 ARRANCADORES Y TRANSFORMADORES 	2021-08-07	\N	3	3	\N	1	49
368	 LAMPARAS LABORATORIO MICOTOXINAS 	2021-08-07	\N	3	3	\N	1	50
369	 SISTEMA INERTIZADO Y MOVIMIENTO DE TORRETA 	2021-08-07	\N	2	3	\N	0	51
48	 MATERIALES ELECTRICOS Y MECANICOS PEMEX	2021-08-07	\N	2	31	\N	1	48
370	 SENSORES CAPACITIVOS 	2021-08-07	\N	3	3	\N	1	52
371	 BASTIDORES METALICOS EDIFICIO NIVELES 	2021-08-07	\N	3	3	\N	2	53
372	 TUBERIA DE COBRE AIRE DE SERVICIOS 	2021-08-07	\N	3	3	\N	2	54
373	 BARANDAL NIVEL 3 TORRE ELEVADORES 	2021-08-07	\N	3	3	\N	2	55
374	 INTEGRACION SEÑALES BANCO DE BATERIAS	2021-08-07	\N	3	3	\N	2	56
375	 MANTENIMIENTO CLIMAS FEBRERO 2021 	2021-08-07	\N	3	3	\N	2	58
376	 TUBERIA DE COBRE DE PULMON A DRAGA 9	2021-08-07	\N	3	3	\N	2	59
377	 TUBERIA DE COBRE CARGA 13 A BASCULA	2021-08-07	\N	3	3	\N	2	60
378	 TRES BASTIDORES METALICOS EDIFICIO NIVELES 	2021-08-07	\N	3	3	\N	2	61
379	 REHABILITACION ALUMBRADO SOLAR 	2021-08-07	\N	3	3	\N	0	62
380	 SENSORES TURCK 	2021-08-07	\N	3	3	\N	1	63
382	 TUBERIA ALIMENTADOR 44VAC (1 ra PARTE CABLE)	2021-08-07	\N	3	3	\N	0	65
383	 FUENTES ALIMENTACION PLC E10-E11	2021-08-07	\N	3	3	\N	2	66
384	 ARRANCADORES SUAVES  3RW30	2021-08-07	\N	2	3	\N	1	67
385	 CONTROL ARRANQUE COMPRESOR 	2021-08-07	\N	3	3	\N	2	68
386	 TUBERIA ALIMENTADOR 440VAC (2da PARTE TUBERIA	2021-08-07	\N	2	3	\N	0	69
387	 Modificacion Pantalla de Carga	2021-08-07	\N	3	3	\N	2	72
388	 Extensiones Tolva e Inspeccion Almeja	2021-08-07	\N	2	3	\N	2	74
389	 Cargador de Baterias para Almeja	2021-08-07	\N	3	3	\N	1	76
391	 MANTENIMIENTO PREVENTIVO A CLIMAS	2021-08-07	\N	3	3	\N	2	85
392	 Renta Planta de Emergencia	2021-08-12	\N	3	3	\N	2	86
393	 Mantenimiento preventivo a almeja	2021-08-09	\N	3	3	\N	2	88
394	 SERVICIO DE MANTENIMIENTO A TOLVA DE MUELLE INCLUYE SUMINISTRO DE  MATERIALES, COSUMIBLES Y MANO DE OBRA POR EJECUCION DE MANTENIMIENTO.	2021-08-23	\N	3	3	\N	2	94
395	 SERVICIO DE MANTENIMIENTO A 2 ALMEJAS	2021-08-25	\N	2	3	\N	2	95
84	 SERVICIO MAQUINA DE ANIMALITOS 	2021-08-07	\N	3	17	1	2	84
396	 Cableado de TAB-3 a tablero de control de raceras de vías	2021-08-17	\N	2	3	\N	0	96
397	 REHABILITADO DE SISTEMA DE ALUMBRADO CON PANEL SOLAR DE BANDA 5	2021-09-07	\N	3	3	\N	0	97
398	 BLOQUES DE DISTRIBUCION 	2021-09-13	\N	3	3	\N	1	102
399	 COLOCACION DE TUBERIA, ACCESORIOS Y VALVULA PARA EL SISTEMA DE LA BASCULA 1.	2021-09-15	\N	2	3	\N	0	103
400	 ELABORACION DE PLANOS DE TUBERIA 	2021-09-22	\N	2	3	\N	0	104
401	 ARRANCADORES SUAVES 3RW4435-6BC34	2021-09-28	\N	3	3	\N	1	108
402	 CONALEP 	2021-09-30	\N	3	6	\N	1	109
101	 PROGRAMA DE MANTENIMIENTO PREVENTIVO DEL SISTEMA DE LAVADO 	2021-09-09	\N	3	4	\N	2	101
403	 Aumento de escalera marina de vías a torre de distribución	2021-10-08	\N	2	3	\N	0	114
404	 CAMBIO DE REJILLA TIPO IRVIRE Y BARANDAL DE NIVEL 2	2021-10-13	\N	2	3	\N	0	116
405	 SENSOR INDUCTIVO	2021-10-18	\N	3	3	\N	1	118
406	 SIMATIC HMI KTP400	2022-11-04	\N	3	27	\N	1	122
438	RETROFIT FRESADORA	2022-05-12	\N	0	6	1	2	189
408	 SERV IZAJE, ENSAMBLE Y PRUEBAS DE BINWHIP	2021-10-26	\N	3	3	\N	0	125
409	 REFACCIONAMIENTO SIEMENS	2021-10-28	\N	3	3	\N	1	126
505	MODIFICACION DE MOLINO G7	2023-10-04	2023-10-12	0	2	1	0	336
410	 CONALEP SEGUNDO PAQUETE	2021-11-02	\N	3	6	\N	1	128
411	 TABLERO 1200A	2021-11-03	\N	3	6	\N	3	129
413	 DRIVES TORRES DE MUELLE	2021-12-01	\N	0	3	10	0	131
414	 EXTRACTORES LABORATORIO MICOTOXINAS	2021-12-07	\N	3	3	\N	2	135
136	 TRANSMISORES DANFOSS	2021-12-09	\N	3	16	\N	1	136
415	 RETIRO, COLOCACION DE TUBERIA, CHAROLA Y CABLEADO BANDA 4	2021-12-16	\N	3	3	2	0	137
416	 PAROS DE EMERGENCIA	2021-12-20	\N	3	3	1	2	140
417	 CABLE Y CLAVIJA PARA WALINGA	2021-12-29	\N	3	3	\N	1	141
418	 PLANOS DE PROCESO	2022-01-03	\N	3	3	\N	0	145
419	 SERV.  TUBERIA-CABLEADO BASCULA CAMIONERA	2022-01-05	\N	3	3	2	0	146
420	 REMOTO AD, VISUALIZACION BASC, INT DELTA P	2022-01-08	\N	3	3	1	2	148
152	 CONEXIÓN INALÁMBRICA A GRÚAS	2022-02-08	\N	3	24	\N	0	152
421	 ARGOLLAS TAPAS BASCULAS	2022-02-11	\N	3	3	\N	0	156
422	 CLIMAS PRIMER CUATRIMESTRE	2022-02-12	\N	3	3	\N	0	159
423	 REFLECTORES LED 200W	2022-03-04	\N	3	3	\N	1	162
425	 FUSIBLES CARGILL	2022-03-17	\N	3	3	\N	1	169
166	 SUMINISTRO E INSTALACION TARJETA INTERFACE	2022-03-08	\N	3	26	\N	2	166
426	 Climas Nuevos R410 	2022-03-22	\N	3	3	\N	2	170
427	 ACTUALIZACION SISTEMA CIMPLICITY	2022-03-30	\N	0	3	1	2	173
428	 CABLEADO Y TUBERIA DE DOS CLIMAS	2022-04-13	\N	2	3	\N	2	175
429	 MANTTO. ALMEJA MUELLE	2022-04-13	\N	3	3	\N	2	176
430	 SITE TRAFFIC	2022-04-22	\N	3	3	\N	0	177
431	 ARMADO CAJONES Y MANTTO FONDOS	2022-04-22	\N	3	3	\N	2	178
432	 MANTTO. ALMEJA MUELLE y RESORTES	2022-04-26	\N	3	3	\N	2	182
433	 MATERIAL PARA TALLERES	2022-05-02	\N	3	6	\N	1	183
434	 ACTUALIZACION LICENCIA	2022-05-09	\N	3	3	1	1	185
184	 SERVICIO CORRECTIVO PLC MACERACION	2022-05-03	\N	3	7	\N	2	184
436	 REPELLO SILO 9	2022-05-12	\N	2	3	\N	2	187
437	 MARCOS DE ANGULO PARA BANDAS	2022-05-13	\N	3	3	\N	0	188
439	 TRANSFORMADOR INVERSOR	2022-05-19	\N	3	3	\N	0	192
440	 FILTROS PARA TORRES	2022-06-03	\N	3	3	\N	0	196
190	 ALIMENTO PARA MOLINO DUYVIS	2022-05-16	\N	3	9	2	0	190
441	 RADIOS PORTATILES	2022-06-16	\N	3	3	\N	1	198
442	 RADIOS Y TRANSMISORES DE TORRES DE MUELLE	2022-06-16	\N	3	3	\N	1	199
443	 LIMPIEZA DE TORRES MOVILES 1 Y 2	2022-06-23	\N	3	3	\N	0	200
444	 TUBERIA DE LA BC-05	2022-07-13	\N	3	3	\N	2	206
445	 MATERIAL PARA PLANTELES CAST	2022-07-20	\N	3	6	\N	1	210
446	 ESCALERA TAB 3_BASCULA 1	2022-07-25	\N	3	3	\N	0	212
207	 MEDICIÓN DE ENERGÍA EN UNIDAD DE SECADO Y EMBALAJE MCC08	2022-07-13	\N	0	27	10	0	207
447	 SEMAFORO LED 8'"'	2022-08-10	\N	3	3	\N	1	214
449	 CONTROL DE LUCES DE SEMAFORO SITE TRAFFIC	2022-08-12	\N	3	3	\N	2	217
450	 MANTTO PREVENTIVO AA	2022-08-13	\N	3	3	\N	2	218
451	 NVR EN AREA DE BASCULA	2022-09-05	\N	3	3	1	1	225
452	 MANTTO REPARACION SILO 1,2,3 Y 4	2022-09-30	\N	2	3	\N	0	234
453	 INST NODO DE RED BASC CAMIONERA TALLER	2022-09-30	\N	3	3	\N	0	235
454	 MANTTO GRAL A CASETA 2	2022-09-30	\N	3	3	\N	0	236
455	 AEI NO BREAK APC	2022-10-14	\N	3	3	\N	1	238
456	 CONECTORES HEMBRA DE DOS PUERTOS	2022-10-17	\N	3	3	\N	1	240
457	 AEI NO BREAK APC SMT750C LINEA	2022-10-21	\N	3	3	\N	1	245
458	 SEMAFORO EN VIAS	2023-02-16	\N	3	3	\N	0	247
459	 MINI SPLIT MIRAGE	2022-12-06	\N	3	3	\N	1	255
244	 INSTALACIÓN ELECTRICA DE BBAS	2022-10-21	\N	3	16	\N	0	244
460	 SERVICIO PREV AIRES ACOND	2022-12-06	\N	3	3	2	2	257
461	 SERVICIO DE MANTENIMIENTO AIRES ACOND	2022-12-06	\N	3	3	2	2	258
253	 INSTALACIÓN ELECTRICA DE EQUIPOS M5000	2022-11-22	\N	1	8	10	0	253
462	 INSTALACION PUERTA Y VENTANAL	2022-12-06	\N	3	3	\N	1	259
463	 RECORTE DE CERCA DE MALLA	2022-12-06	\N	3	3	\N	2	260
464	 ACONDICIONAM DE INSTALACIONES DEL SITE	2022-12-06	\N	3	3	\N	2	261
466	 SLIJET CONGELANTES	2023-01-20	\N	3	3	\N	1	269
467	 INSTALACION DE PUERTAS Y VENTANAS MAXIMO	2023-02-09	\N	3	3	\N	0	272
468	 SEMAFORO EN VIAS	2023-02-16	\N	3	3	\N	0	274
469	 FABRICACION E INSTALACION PUERTA DE MAXIMO	2023-02-22	\N	3	3	\N	3	276
470	 FABRICACION E INSTALACION  DE PUERTAS BATIENTES AJUSTABLE	2023-02-27	\N	3	3	2	3	278
471	 FABRICACION PUERTA DE OFICINA	2023-03-10	\N	3	3	\N	3	280
472	 FABRICACION DE DEPOSITO TAPAS FORMA CORAZON	2023-03-17	\N	3	3	\N	3	284
275	 INSTALACION DE CELDAS DE CARGA A TQUE EN AREA DE GOTEO	2023-02-17	\N	3	9	\N	0	275
473	 DIAGNOSTICO Y NOTIFICACION BANCO DE BATERIAS	2023-03-30	\N	3	3	2	2	287
474	 RETIRO DE CABLEADO DE FIBRA PUENTE BC-3	2023-03-30	\N	2	3	2	0	288
475	 RETIRO DE CABLEADO Y CHAROLA PUENTE BC-3	2023-03-30	\N	2	3	2	0	289
290	 SISTEMA DE BOMBAS DE FLOCULADOR	2023-05-14	\N	0	10	2	0	290
2	PLANTAS DE EMERGENCIA MAJA	2022-09-02	\N	3	12	1	0	2
476	 COLOCACION DE CADENA TUNEL 	2023-04-10	\N	3	3	2	3	293
500	UNIDAD DE VENTILADOR MA-VIB 200	2023-09-06	2023-09-29	0	35	10	1	331
477	 POSTES Y CADENA DE TUNEL A DIESEL	2023-04-10	\N	3	3	2	3	294
503	ADICIONAL GUARDAS DE SEGURIDAD	2023-09-27	2023-10-06	0	3	18	0	334
479	 CAP PUPITRES ESTRUCTURA	2023-04-27	\N	3	3	8	1	297
504	ADICIONAL REMODELACIÓN DEL SITE	2023-10-03	2023-10-31	0	3	18	0	335
506	ALIMENTACION DE COMPRESOR	2023-10-04	2023-10-18	0	2	1	0	337
482	 COM ESTUFA DE 2 QUEMADORES	2023-05-04	\N	3	3	8	1	300
347	RECTIFICADOR VAC A VCD	2021-08-07	\N	3	3	1	0	23
483	 POSTE DE CASETA A DIESEL 	2023-05-05	\N	3	3	2	0	301
484	 SUMINISTRO E INSTALACION DE CAMARAS IP	2023-05-11	\N	0	3	1	0	303
485	 SUMINISTRO DE MINISPLIT Y BASES DE PARED	2023-05-11	\N	3	3	8	1	304
486	 ALIMENTACION DE CASETA NUEVA DE BASCULA DESDE SUBESTACION	2023-05-17	\N	0	3	2	0	306
508	ADICIONAL SISTEMA MONITOREO DE FLUJO DE GAS	2023-10-05	2023-10-27	0	37	1	0	339
487	 AEI REELCRAFT CABLE	2023-05-24	\N	0	3	2	1	307
488	 CANALIZACION DE CASETA DE RESIDUOS PELIGROSO	2023-05-24	\N	3	3	2	0	308
489	 FABRICACION Y MTTO DE GUARDAS A DRAGA 07	2023-05-24	\N	0	3	2	0	309
490	 MANTENIMIENTO DE CASETA DE CCM RASERAS SILOS 9 Y 16	2023-05-24	\N	0	3	2	2	310
510	ADICIONAL IDENTIFICACION Y CAMBIO DE GABINETE DE TELMEX	2023-10-10	2023-10-17	0	3	1	0	341
491	 PUERTAS BATIENTES 2DO BLOQUE	2023-06-22	\N	0	3	2	0	312
511	PUERTA DE ALUMINIO EQUIPO CONTRAINCENDIO	2023-10-10	2023-10-24	0	3	1	0	342
492	 PUERTA VESTIDORES 	2023-07-12	\N	0	3	2	3	314
512	REMODELACION DE BAÑO HOMBRES CONTRATISTAS	2023-10-10	2023-10-24	0	3	1	0	343
493	 INSTALACION MINISPLIT 24 M BTU SALA BALUARTE	2023-07-15	\N	0	3	2	2	316
480	AEI ANEMÓMETRO DE COPA POSTE	2023-05-04	\N	3	3	8	1	298
478	ALIMENTADOR PUENTE BANDA 03	2023-04-12	\N	0	3	2	0	295
494	RENTA DE PLATAFORMA ARTICULADA	2023-07-15	\N	3	3	2	2	317
496	 DREAMREPORT BASCULA DE DESCARGA Y PANTALLA INFORMACION	2023-07-25	\N	0	3	1	2	321
226	DUMEZ - COTEMAR PLC EMERSON RX3i	2022-09-09	\N	3	39	1	0	226
326	 INSTALACION GENERADOR CATALINA	2023-08-16	\N	0	8	2	2	326
497	 MANNTO SALA LEAN	2023-07-26	\N	0	3	2	2	322
509	ADICIONAL REMODELACIÓN RH	2023-10-09	2023-10-20	0	3	18	0	340
498	 REMODELACION SALA LEAN 	2023-08-30	\N	0	3	\N	0	329
227	MANTT SIST DE TRATAMIENTO DE AGUA SSA	2022-09-09	\N	3	4	2	2	227
499	 MANTENIMIENTO  CISTERNA 	2023-08-30	\N	0	3	\N	0	330
495	AEI SUMINISTRO DE SENSORES TURK	2023-07-15	\N	3	3	2	1	318
315	VARIADOR Y BOMBA DE TEMPERADO	2023-07-14	\N	3	9	2	0	315
292	SUMINISTROS DE SENSORES Y PERIFRICOS	2023-04-01	\N	3	10	2	1	292
481	AEI BANCO DE BATERIAS DE SUBESTACION DE MUELLE	2023-05-04	\N	3	3	2	0	299
513	ADICIONAL MANTENIMIENTO MALLA CICLON EN CHATARRA	2023-10-17	2023-10-20	0	3	1	0	344
514	MANTT SIST DE TRATAMIENTO DE AGUA	2023-10-19	2024-10-18	0	4	10	0	345
515	ADICIONAL PINTURA DE INSTALACIONES	2023-10-20	2023-10-27	0	3	18	0	346
507	ADICIONAL ACCESO-HOMBRE CISTERNA PRINCIPAL	2023-10-06	2023-10-13	0	3	18	0	338
\.


--
-- Data for Name: projects_project_contact; Type: TABLE DATA; Schema: public; Owner: admintiburcio
--

COPY public.projects_project_contact (id, project_id, clientcontact_id) FROM stdin;
\.


--
-- Data for Name: projects_report; Type: TABLE DATA; Schema: public; Owner: admintiburcio
--

COPY public.projects_report (id, date, name, description, duration, activity_id, responsable_id, deadtime, deadtimereason, extratime) FROM stdin;
1	2023-09-19	Levantamiento para actividad	Se identifica tiempo y requerimiento	1.00	502	1	0	0	\N
12	2023-09-20	Pruebas FAT	Se realizan pruebas de rango e interlocks de transmisores en parte inferior de patín, quedando pendiente probar el medidor de flujo, valvulas de control y arrancadores.	8.50	515	4	90	0	\N
13	2023-09-20	CAD de alambrado eléctrico	Se realizan dibujos de dispositivos y su alambrado eléctrico.\r\nQueda pendiente dar formato, colocar tags en borneras, creación de portada e indice.	10.00	516	3	30	2	\N
51	2023-09-25	\N	Se terminó de repellar por dentro de barandal del último piso \r\n Se colaron 2 castillos \r\nSe repello por la parte de afuera del lado báscula	6.30	511	18	150	2	\N
6	2023-09-19	Pruebas FAT	Despues de que el cliente terminara revisión mecanica se realizan pruebas de rangos e interlocks de intrumentos ubicados en la parte superior de patín 100-PA-1900(ITTA-A).	5.00	515	4	300	0	\N
15	2023-09-20	Armado de puerta	Corto piesas y barremos para colocación de remaches y comenzar a armar puertas \r\nTambién no estuvo apoyando en levantamiento de aluminio y sacando medidas para una persiana	7.00	514	18	105	0	\N
14	2023-09-20	Repello y simbrado y colado de escalones	Teodoro apoyo con la.simbra de escalera  y repello 11*1.2 \r\nBeto simbro y colo 6 peldaños de la escalera de báscula	7.00	510	18	110	2	\N
16	2023-09-20	Mantenimiento y reparación de puertas	Se les corto placa para colocar malla rombica a dos piezas \r\nTambien se cortó lamina y se doblo para soldar ala caída de agua de dos puerta \r\nSe reparo una puerta que dejó mal Efrén \r\nQuedaron seis puertas listas para pintar	7.30	517	18	75	0	\N
2	2023-09-19	Dibujo de diagramas de alambrado	Se realizan dibujos de equipos para diagramas de máquina de goteo2; realizados: 14/23.	10.00	516	3	0	3	\N
4	2023-09-19	Continuación del desmonte en vias	Liberación del trabajo hasta 11:00am\r\n\r\nSe continua con el trabajo del desmonte, se tuvo que volver a reforzar en el taller la herramienta porque se afloja y rompe.\r\n\r\nSe fumigó con el líquido.\r\n\r\nJorge continuó las labores hasta 1:00pm, después se fue a ayudar en unos levantamientos.	8.00	507	19	200	0	\N
21	2023-09-21	Retirar duelas cortadas para pegar duelas completas	Se retira aprox 0.55 m² de duela.  \r\nSin embargo el trabajo queda en análisis porque al quitar la duela despostillaron las demás que no había que tocar.	0.50	503	19	0	0	\N
11	2023-09-20	Continuación sala lean	Se continúan labores, el día de hoy se empezó actividades 9:30.\r\n\r\nSe descimbró la cadena y se acomodó, cimbró y coló la 2da cadena (1 m) \r\n\r\nSe detalló el repellado de ayer (aprox 5 m2) \r\n\r\nSe lleva un segundo andamio al área y se retira basura del área. \r\n\r\nSe retira clima\r\n\r\nContinúan con el perfilado de la columna inflada (avance de hoy de 1.7 m) \r\n\r\nSe empieza a quitar duela y a romper para continuar con el forrado de la pared	8.00	501	19	120	0	\N
10	2023-09-19	Báscula camionera	Se armó y se simbraron. 4 escalones \r\nSe colaron los 4 escalones \r\nSe repello 9 *1.20	6.00	510	18	155	2	\N
20	2023-09-21	Perfilado de trabe	Trabajo que forma parte de un adicional\r\n\r\nSe rompe con taladro/rotomartillo parte de la trabe que estaba esponjada y se cierra la actividad \r\n\r\nDe rompe aprox 0.25 m².	2.00	502	19	30	3	\N
8	2023-09-19	Cortes de puerta de aluminio		3.50	514	18	90	0	\N
5	2023-09-19	Fabricación del soporte	Se fabrica base para soportar sensor M12 para la referencia de la posición 0 de spindle, se realiza corte de lamina calibre 10 de inoxidable y perforado de la misma.	2.00	518	2	0	0	\N
3	2023-09-19	Remodelación sala lean	Se continuó con los trabajos de sala lean, esta vez desde temprano en actividades que no ocasionaron ruido.  \r\n\r\nSe quitaron alambres del techo y se empezó a empastar. \r\n\r\nSe cimbró y coló una de las 2 cadenas, y se habilitó el acero de la otra. \r\n\r\nSe limpió el área y despejó. \r\n\r\nLos trabajos continuaran hasta 7:30 para avanzar en el repello	8.00	501	19	120	0	\N
17	2023-09-21	Mantenimiento y reparación de puertas de compartimento	Adicional de Eloy\r\nSe quitó puerta de compartimento 4 para darle mantenimiento y reparación \r\nSe le soldó un pasador \r\nSe limpio y pinto en primaria\r\nSe isieron 2 piesas para escalera de compartimento \r\nMaterial utilizado \r\n1 metro de solera de 1 1/2 * 1/4 galvanizada \r\n25 cm de redondo de 1/2 \r\nPlaca de 1/2 se utizo 20*10	5.30	523	18	195	0	\N
18	2023-09-20	Continuación del desmonte en vias	Se continúa con el trabajo del desmonte.\r\n\r\nSe atiende el área señalada: se arranca la hierba desde raiz con herramientas hechas y reforzadas en taller. Dejando listo para aplicar el liquido el día de mañana.	8.00	507	19	180	0	\N
22	2023-09-21	Continuación del desmonte en vias	En recuadro naranja se señala el área fumigada.  \r\nEl recuadro verde es donde el persona se dedico a arrancar el monte	8.00	507	19	150	3	\N
23	2023-09-21	Migración de servidor y 3 viewers	Fue complicado realizar la conexión odbc entre cliente y servidor porque aparecía un error, se solucionó habilitando TLS v1.0 y v1.1	9.00	520	1	30	0	\N
24	2023-09-21	Armado de puerta de aluminio	Se cortó duela, se cortó partes de piezas de la puertas se barreno y se remachó.\r\nQue terminada solo le falta colocar la chapa.	6.00	514	18	150	0	\N
25	2023-09-21	Barandal de báscula	Se comenzó con medida \r\nSe comenzó a cortar piezas de ángulo \r\nSe cortó soleras que funcionan como pata para barandal\r\nSe barreno placa de pata de soporte de barandal	6.00	510	18	150	0	\N
19	2023-09-21	Block 1.6 m2, repello 2.25m2, basecoat 3.4m2	La actividad se libera a las 10.\r\n\r\nSe cerró muro colindante con block macizo, aprox. 1.62 m2\r\n\r\nSe repelló junto con las cadenas de cerramientos,  total de repello: 2.25 m2 \r\n\r\nSe aplanó con basecoat 3.4 m2 a dos manos.	8.00	501	19	150	0	\N
7	2023-09-19	Puertas de galería	Se dejaron 4 puerta listas para pintar \r\nSe les corto lamina \r\nSe les coloco malla rombica\r\nSe doblo lamina \r\nSe soldó malla y se le soldó lámina para caída de agua\r\nSe les cambió párate dañada \r\nSe cardio, se le pasó el disco de desbaste y flaper y quedaron lista para pintar	7.00	517	18	90	0	\N
52	2023-09-25	\N	Se comenzó con la instalación electrica \r\nSe colocó tres lámparas en caseta \r\nAsí como también se instalo tablero y una tubería	7.30	513	18	90	0	\N
50	2023-09-26	Barandal de báscula	Se si con las medias y fabricación en 3 piezas de barandal \r\nSe saca medida y se presenta primer parte	7.00	510	18	120	0	\N
9	2023-09-20	Levantamiento	Levantamiento de aluminio me apoyo Rubén	3.00	552	18	0	0	\N
26	2023-09-21	Pruebas FAT	Se continua con las pruebas fat probando el medidor de flujo, las valvulas de control, los arrancadores y realizando el protocolo del cableado interno del gabinete, estado de las tarjetas y señales todo esto en paquete 100 para ITTA-A.\r\n\r\nA petición del Demar habilita una entrada más para que active el interlock 11 y deje cerrada todas las valvulas y apagadas las bombas, esto por alguna falla presentada en el paquete de aire de instrumentos, esto se realizó y se acordo con el cliente que no se documentaria debido a todos los documentos que se tenia que modificar segun lo que nos comento personal de ingenieria de Dumez y el supervisor de Enerflex.\r\n\r\nMientras se preparaba la prueba del sistema de purga Z del gabinete de control, se encontraron los siguientes detalles:\r\n\r\n1.-Conectores de toma sin cinta teflón en la unidad de control, lo cual se nos dificulto quitarlo para la colocación de la bomab para la prueba(se atendio).\r\n\r\n2.-El manifuld de la valvula solenoide siempre pasaba el mismo flujo de aire, nunca disminuia el flujo de aire(se investigara para dar solución).	9.00	515	4	60	0	\N
27	2023-09-22	Pruebas FAT	Se continua con las pruebas Fat y se concluyo, el problema del dia de ayer de que el manifuld de la válvula del sistema de purga quedo solucionado ajustando su regulador de presión minima de aire a dejar pasar.\r\n\r\nSe reviso etiquetado en gabinete y se tendran que modificar planos para colocación de identificacion de señales de campo del control de motores.	8.00	515	4	120	0	\N
30	2023-09-22	Continúa aplanado de losa y trabe	La actividad fue liberada hasta a las 10am\r\n\r\nEl dia de hoy se avanzó con 23 m² de aplanado con base coat a una mano (falta segunda)\r\n\r\nPedí 5 bultos de basecoat para continuar con las labores del día sábado.	8.00	501	19	120	0	\N
31	2023-09-22	Forrado de pared	Roberto limpia donde se quitaron las duelas y retira 5 pzas de duela despostillada. \r\n\r\nHace un resane de 0.72 m² y pega 5 piezas de duela para continuar con el forrado de la pared	8.00	503	19	120	0	\N
32	2023-09-22	Cortes de puerta de aluminio	Se cortó y se ISO marco de puerta \r\nSe cortó y se fabricó venta fijo \r\nDespués de las 12 atendió adicionales	2.30	514	18	90	0	\N
35	2023-09-22	Mantenimiento y reparación de puertas de compartimento y galeria	Se retiro segunda puerta de compartimiento\r\nSe le dió limpieza, se pinto en primario, después se pinto en acabado gris y por último se colocó \r\nAsí como también se terminó de pintar las 6 puertas de galería \r\nTambién se reabilito una puerta  retractil\r\nY se pinto tubería de media	6.30	523	18	135	0	\N
37	2023-09-23	Modificación de tags en planos planos	Modificación de tags en planos de diagrama de alambrado y diagrama de lazos de control para hacer coincidir con las etiquetas que vienen desde los gabinetes de control de motores.	2.00	515	4	0	0	\N
39	2023-09-23	Actividades en tiempo extra en sala lean	Se pegan de arriba hacia abajo duela en el muro. \r\n90% terminada la actividad.	4.00	503	21	60	3	\N
40	2023-09-23	Actividades en tiempo extra en caseta	Se sella y pinta a una mano toda la planta baja interior a la caseta.	3.00	511	21	30	3	\N
41	2023-09-21	Armado de CNC, tapas y peindado de cables	Se instalaron tapas, de spindle y guardas de revolver de herramientas, limpieza de gabinete y peinado de cables	8.00	498	2	0	0	\N
34	2023-09-22	Báscula camionera	Se sembraron tres  castillos y se colaron así como también se salpicó en repello por fuera de barandal	6.30	510	18	120	0	\N
38	2023-09-23	Actividades en tiempo extra en sala lean	La actividad comienza 8:45 am\r\nAlisado con basecoat en losa y trabe de aprox 20 m² a una mano.	7.00	527	21	150	3	\N
47	2023-09-25	\N	Se retira tercer puerta y se lleva a reparación y mantenimiento.\r\nSe le cambia placa de pasador \r\nSe le hace limpieza \r\nSe pinta de primario y acabado \r\nSe le da retoque de acabado a puertas de galería	6.30	523	18	150	0	\N
42	2023-09-25	Ponchado de conectores ethernet	Ponchado de conectores ethernet en via 4 mediante uso de la geny, Tab 6 y Tab 3.\r\n\r\nEs necesario colocar algun soporte, caja o gabinete en tab 6 para la correcta colocación del switch de red de camaras de vias.	5.00	525	4	180	0	\N
43	2023-09-25	Continuación sala lean	Las actividades se liberan a las 10am\r\nSe sigue con el aplanado de losa, parte interior de la sala lean. \r\n\r\nTotal del área cubierta :20.46 m² \r\n\r\nEsta es la tercer mano que se le da al área, y final, porque esa parte estaba demasiada irregular.	8.00	501	19	120	0	\N
44	2023-09-25	Mantenimiento en muro sala lean	Se pegó aprox 0.5 m² de duela \r\nLo qie significa terminar de pegar duela en el muro. \r\nSe procede a juntear, hoy se comenzó pero prácticamente no se avanzó más de un metro	3.00	503	19	30	0	\N
45	2023-09-25	Tuberia compartimentos	Se colocaron aprox. 17.5 m de tubería conduit 3/4'"' para la actividad, tubería previamente pintada de primario rojo y acabado gris.\r\nSe hicieron los dobleces en sitio. \r\n\r\nSe instalaron también \r\n5 coples\r\n6 tramos de ubicanal de 20 cm\r\n6 abrazaderas para tubo de 3/4'"'	8.00	528	19	240	0	\N
46	2023-09-26	\N	Monitoreo de programación para contador de toneladas acumuladas y asignación de datos en aplicación de cimplicity.\r\n\r\nSe mantiene en espera de indicaciones por parte del cliente para poder pasar la aplicación a las maquinas del CCO.	3.00	526	4	30	0	\N
29	2023-09-22	Trabajos varios adicionales	Se atendieron varios detalles de aluminio.\r\n\r\n1. Se remachó una puerta que estaba colgando \r\n2. Se remachó el marco de puerta en almacén, también se tiene planeado poner un marco nuevo de aluminio y abrir una ventana (actividad planeada para el lunes) \r\n3. Se quita la cerradura de un locker.  Se tiene que comprar una nueva para cambiarla	2.50	553	19	30	0	\N
53	2023-09-26	\N	Ponchado de cable en taller, acomodo de cableado en gabinete de NVR en CCTV, surgio el detalle de que las camaras de almacen dejaron dd verse	4.00	529	4	60	0	\N
82	2023-09-28	\N	Se repello para de afuera de lado de la escalera del segundo nivel \r\nTambién se colaron do castillo que solo se avían colado a la mitad	7.30	511	18	75	0	\N
36	2023-09-23	Carta de aceptación	Se realizan las cartas de aceptación con fecha del 25 de septiembre del año en curso. Pendientes de firmar y entregar a cliente	3.50	524	3	0	0	\N
49	2023-09-25	Barandal de báscula	Se si con las medias y fabricación en 3 piezas de barandal \r\nSe saca medida y se presenta primer parte	7.00	510	18	120	0	\N
28	2023-09-22	Reportes fotográficos	Reportes fotográficos de proyectos:\r\nMovimiento de mezcladora, Tanques cobertura blanca y bomba de atemperado	4.00	554	3	0	0	\N
54	2023-09-26	\N	Hr en que liberan las actividades 9:45\r\nSe continua con el repelló de losa y trabe. \r\nUn área cubierta de aprox 20 m² a una mano\r\n\r\nSe limpia la pared para su posterior retoque de pintura	8.00	501	19	150	0	\N
55	2023-09-26	impresión de planos a PDF	Se da formato e impresión en archivo pdf.	8.00	531	3	60	3	\N
56	2023-09-26	\N	Se coloco tubería de 1'"'de tablero a las tres lámparas interiores \r\nSe colo tubería y cajas para dos contactos \r\nSe.iso pase de tubería por viga para luminaria de corredor	8.00	513	18	60	0	\N
58	2023-09-27	\N	Se subieron 6 puertas a galería \r\nSe procedió a colocar y fíjate puertas se colocaron 7 puertas ya que aviamos dejado una arriba \r\nSe bajaron 4 más a darles mantenimiento y reabilitado\r\nTambién se bajó malla del ventanal que no se avía reabilitado	7.00	517	18	120	0	\N
60	2023-09-27	\N	Se libera permiso de trabajo 9:50.\r\n\r\nSe repella en total una área de 50 m2, q dos manos, quedaron solo afinar detalles de la trabe y dar una segunda mano de basecoat. \r\n\r\nA sitio acude el ing. Rafa y Carlos para supervisar y hacer observaciones y notas de trabajos adicionales para el cierre de actividades de la sala lean.\r\n\r\nSe empieza a limpiar el área y paredes para su posterior pintado.	8.00	501	19	120	0	\N
61	2023-09-27	\N	Hora en que se liberan actividades 10:30\r\n\r\nSe fabrican soportes para las lámparas con solera de 3/4'"' (70 cm c/u) y caja eléctrica.\r\n\r\n8 pzas en total\r\n\r\n4 se cuelgan en la losa. \r\n\r\nSe instalan 2 chalupas faltantes en la pared.\r\n\r\nLas actividades no pueden continuar y generaron mucho tiempo muerto a causa de la falta de documentación DC-3 del personal capacitado para armar andamio (por lo mismo no se pudo mover, acarrear ni armar otro andamio para trabajar en la parte alta de la sala)	8.00	504	19	240	0	\N
62	2023-09-27	\N	Convinaciones de cables en diferentes puertos del NVR, para verificar el funcionamiento de las camaras del almacem, laboratorio y subestación muelle, se detecto que los cables de las camaras funcionaban correctamente.\r\n\r\nSe llego a la conclusión de que el problema era por configuración y no por cableado, se reconfiguraron las 4 camaras en el NVR seleccionando el canal del puerto y agregando nuevamente.\r\n\r\nNota: aun no se colocan las cajas para soportar el switch en almacen.	4.00	529	4	30	0	\N
63	2023-09-27	\N	Se monitorea el correcto funcionamiento de la logica del contador de toneladas acumuladas en la hora anterior y hora actual.	3.00	526	4	30	0	\N
59	2023-09-26	\N	Se continúa con el armado de andamio tanto en taller como colocando parte de barandal en báscula y sacando medidas de escalera	\N	510	18	0	0	\N
57	2023-09-26	\N	Se repello la parte de afuera de barandal de tercer nivel 12 x 1.2	7.00	510	18	120	0	\N
64	2023-09-28	\N	Asistencia a curso de capacitación para el Studio 5000 y se realizan con exito las practicas con la maquina virtual.\r\n\r\nDe igual manera se termina el curso HOTT Spor:Connected Components workbench v20.01 software.	8.00	519	4	30	0	\N
65	2023-09-28	\N	Se da una pasada de repello con basecoat en el techo. Abarcando una superficie de 20 m2 \r\n\r\nFalta dar otra mano para cerrar la actividad.\r\n\r\nSe limpia el área y retira escombro.	8.00	501	19	120	0	\N
68	2023-09-28	Curso de introducción a LOGIX	Se realiza curso de laboratorio remoto de ROCKWELL con studio 5000	10.00	519	3	0	0	\N
66	2023-09-28	Raspado de pared para su aplanado y pintado	Se raspa la pared para retirar la capa de estuco y pintura.\r\n\r\nPosterior, aplica sellados y se da una pasada con basecoat a una mano, falta aplicar la segunda. \r\n\r\nSuperficie de la pared 2.5 x 5.6m = 14 m2	7.00	527	19	120	0	\N
71	2023-09-28	Curso de introducción a LOGIX	Se realiza curso de laboratorio remoto de ROCKWELL con studio 5000	10.00	519	3	30	3	\N
73	2023-09-29	\N	Se continua con la capacitación en la plataforma de Rockwell Automation RAU	8.00	519	4	0	0	\N
77	2023-09-29	\N	Se prepara mezcla y se repella el balcón del segundo piso por dentro quedando terminado \r\nTambién se armó andamio para el día lunes dejarlo listo para repello	6.30	510	18	120	0	\N
78	2023-09-29	\N	Se continuo con la instalación de tubería y soporte \r\nSe ISO el paso del primer nivel al segúndo\r\nSe coloco tubería y soporte	6.30	513	18	120	0	\N
79	2023-09-29	\N	Se continúa con el armado de de ventanas de aluminio las con son corrediza se terminaron dos completas de armar	6.30	514	18	120	0	\N
81	2023-09-29	\N	Se continuo con guarda se volvió a armar tapa por qué estába mal y quedó armada para su limpieza y colocación de agarradera	6.30	533	18	120	0	\N
80	2023-09-29	\N	Se pintaron las 4 puerta de gris que es ya en acabado \r\nTambién se les dió una mano a las puertas retractil de amarillo	6.30	517	18	120	0	\N
83	2023-09-28	\N	Se coloco soporte y tubería \r\nTambién se colocaron cajas para contactos y apagadores	7.30	513	18	75	0	\N
76	2023-09-29	\N	Se tienden de manera área, 12.70 m de tubería conduit 3/4'"' para la instalación eléctrica, contactos y luminarias y dos cajas eléctricas. \r\n\r\nSe hace un expres levantamiento para la instalación de los climas (que no estaba contemplada su alimentación) y se solicita el material\r\n\r\nDurante la jornada no se suministró el material, por detalle de los permisos, no se suministraron las lámparas. Se tuvo que rotar el uso de taladro sds, lo que ocasionó mucho tiempo muerto.	8.00	504	19	240	1	\N
67	2023-09-28	\N	Se libera permiso de trabajo 9:50am\r\n\r\nSe tienden 13.55 m de tubería conduit de 3/4'"' para la instalación del alumbrado en la sala lean + 4 cajas con sus soportes de solera (fabricados ayer) \r\n\r\nSe tiene que armar y desarmar el andamio cada que se mueve de lugar porque la trabe que hay en la sala lean le impide ser arrastrado\r\n\r\nSe ranura en la pared y deja tubería de pvc ligero de 3/4'"' (2.5 m) para la alimentación de un contacto en la pared y se pega una chalupa.	8.00	504	19	150	0	\N
72	2023-09-27	Carta de aceptación	Se realiza la entrega de cartas de recepción de proyecto y firmadas por el cliente	4.00	554	3	0	0	\N
84	2023-09-28	\N	Se pintaron puertas 4 puertas de galería de primarios \r\nTambién se pintaron 10 puertas retractil de primario	7.30	517	18	75	0	\N
86	2023-09-28	\N	Se continúa con cortes y armado de ventanas de aluminio del segundo nivel \r\nTambién nos apoya con levantamiento de aluminio de oficina	7.30	514	18	75	0	\N
75	2023-09-29	Alizado de pared	Se da una segunda pasada de basecoat en la pared (opuesta a la forrada con duela) y termina la actividad, dejando lista para su aplicación de pintura	6.00	527	19	150	0	\N
74	2023-09-29	Sala lean terminada en un 90% obra civil	Se libera el area 10:30\r\n\r\nSe da la tercera pasada de basecoat en uno de las secciones de la losa y con eso se termina el repello.\r\n(20 m²)\r\n\r\n\r\nSe atienden varios detalles que quedaban pendientes como el enchapado de ranuras de los eléctricos y resanes en columnas \r\nAprox (2m²)	8.00	501	19	180	0	\N
96	2023-10-02	Reajuste de anclaje de gabinete	Se realiza el corte de sobrante de tornillo pasado que soporta gabinete de distribución, así como el resane de pared; aplicación de pasta	2.00	510	3	180	0	\N
87	2023-09-30	Pintura de paredes sala Lean	Pintura en paredes laterales y frontal así como el repello en para superior de entrada.	6.50	527	3	0	0	\N
89	2023-09-29	Capacitación CCW en RAU	Se realizo curso de CCW en RAU y se revisaron temas de manejo de software.	6.00	519	3	0	0	\N
90	2023-10-02	\N	Se realiza configuración de IP en camara de Vias, se conecta el cable de comunicación en tab-6 y tab-3, se revisa visualización de camaras en SITE y se agrega acceso directo en maquina de CCO y SITE	4.00	529	4	150	0	\N
88	2023-09-29	Levantamiento AMCO	Se acude a instalaciones de AMCO y se toma reunión y recorrido para levantamiento para la integración de un nuevo intercambiador en suministro para sistema de atemperado de manteca.\r\nPor temas de mantenimiento a piso no se permitió el acceso al área estaba restringido.	3.00	552	3	0	0	\N
174	2023-10-10	\N	Pintado de guardas y adicionales de color primario	6.00	553	18	200	0	\N
94	2023-10-02	Instalación de tubería Conduit	Se realiza la instalación de tubería Conduit para circuitos de iluminación y alimentación eléctrica dentro de caseta.\r\nse realizaron 2 dobleces de 90°, instalación de 5 cajas FS-3, 11 cajas para contactos y 4 niples gusano.	3.50	513	3	120	0	\N
95	2023-10-02	Reajuste de anclaje de gabinete	Se realiza el corte de sobrante de tornillo pasado que soporta gabinete de distribución, así como el resane de pared; aplicación de pasta	2.00	513	3	180	0	\N
97	2023-10-02	Cableado de iluminación y preparación para contactos	Se realiza el cableado de contactos y apagadores de planta baja de caseta, se prueban 4 luminarias. Se hace observación de modelo de contactos en grupo, también se comenta que \r\nlos ingenieros Eloy y Estaban hicieron observación de la parte civil de planta alta.\r\nAldo y David apoyaron en actividad de cableado solo 1.5 hrs.	3.50	513	3	35	0	\N
92	2023-10-02	\N	Se fabrico una guarda: corte armado y soldado de piezas, para completar 1 guarda.\r\n\r\nfabricación de una guardas; cortar lámina, soldador da forma en prensa de banco y corte con esmeril a piezas, desbaste, así como la soldadura de piezas fabricadas.	6.00	533	3	90	0	\N
106	2023-10-03	Detalles en sala lean (pintura)	Se encuentra en sala lean botes de agua sucia, botes con agua y brochas y rodillos enjuagandose.\r\n\r\nDetalles en la actividad de pintura: \r\nSe manchó el aluminio de las ventanas \r\nSe manchó las duelas \r\nNo se dejó limpió. \r\n\r\nNo encintaron y la pintura no se ve pareja.	\N	527	19	0	2	\N
85	2023-09-28	\N	Se hacen cortes y se  arman guarda y se comienza a soldar \r\nTambién se le dió limpieza a puerta	7.30	533	18	75	0	\N
93	2023-10-02	Construcción de ventanas y puertas de aluminio	Fabricación de 3 ventanas con su 2 puertas corredizas de aluminio. En la actividad, se hizo corte, barrenado y atornillado.\r\nPermiso liberado por ing. Rogelio a las 10am.	6.00	514	3	180	0	\N
91	2023-10-02	Fabricación de banco	Por solicitud del gerente se fabrica banco de metal para trabajador de planta.	5.00	553	3	2	0	\N
170	2023-10-10	\N	Se agregaron las variables del tonelaje anterior del lado derecho y lado izquierdo en la tabla Bascula de la base de datos.\r\n\r\nSe copia la pantalla de descarga en viewer 1, viewer 2, viewer 3 y viewer 4.	1.25	526	4	0	0	\N
175	2023-10-09	\N	Se cortó malla \r\nSe colocó malla a 4 guardas \r\nSe cortaron todos los pedazos de ángulo que se utilizarán como guarda para tapar agujeros	7.30	533	18	75	0	\N
169	2023-10-09	\N	Se continuan con las pruebas de comunicación modbus RTU para lectura de 9 esclavos.	9.00	550	4	30	0	\N
171	2023-10-10	\N	Soporte a CCTV para ver camara de Comedor y Subestación Principal.	2.50	529	4	0	0	\N
172	2023-10-10	\N	Miguel Aparicio y Aldo escalante ocuparon medio turno en armar un cuadro de andamio\r\nEn otro turno repellaron lo que se muestra en la imagen\r\nEn la caseta estuvo Teodoro y David ellos enboquillaron la boquilla del lado derecho y la mitad de la.boquilla del barandal	7.00	511	18	150	0	\N
173	2023-10-10	\N	Se fabricaron dos guardas adicionales \r\nSe limpiaron las guardas del pedido para su pintado \r\nSe limpio soporte de televisión	5.30	553	18	200	0	\N
176	2023-10-09	\N	Se comenzó a colocar pizo de la segunda planta	7.30	511	18	75	0	\N
177	2023-10-10	\N	Se instala tarjeta y se hacen pruebas	2.00	562	1	0	0	\N
166	2023-10-08	Retiro de cables de dispositivos en puertas	-Se realiza el retiro de cable de botones en puertas.\r\n-Retiro de cables en equipo de medición (señales analógicas).\r\n-Retiro de contactores auxiliares y su alambrado.\r\n-Desconexión de señales analógicas de variadores.\r\n-Retiro de riel y canaleta ranurada	10.00	546	3	0	0	\N
204	2023-10-17	Apoyo en pruebas con producto y puesta en servicio de molino.	Se dio apoyo en pruebas de puesta en servicio de molino.\r\nSe reviso un sensor que mostro fallo, se reemplazo y se realizo prueba.\r\nSe estuvo presente en training que se impartió.\r\n*Tiempo muerto en preparación de tubería de proceso.*	5.00	539	3	60	0	\N
205	2023-10-17	\N	Se identifican cables hacia fuera de tablero de distrubución de alimentación 220V y 110V.\r\n\r\nPendiente: Terminar de identificar cables en gabinete y rastrear todos los cables para verificación de llegada correcta en donde se indica.	6.00	558	4	30	0	\N
206	2023-10-17	\N	Se termina en un 100% \r\nPegado de piso y zoclo en planta alta. \r\nJunteo de piso y detalles en zoclo. \r\n\r\n\r\nTambién, se arma completamente el andamio y se empieza a enjarre de la parte exterior de una de las caras de la caseta. \r\n\r\nAprox un avance de 6m²	8.00	510	19	120	0	\N
111	2023-10-03	Reanudación de trabajo en vias.	Después de más de una semana detenida la actividad se continúa con los labores en vias. Se retira por medios manuales y con rastrillo toda la hierba seca. Se rejunta en un solo lugar.	8.00	507	19	150	3	\N
112	2023-10-03	\N	Continua la instalación electrónica en sala lean.\r\nEl dia de hoy se instalaron 6 tubos de 3/4'"' para la alimentación de los dos climas de la sala. Incluyó el acarreo y bayoneteo.\r\n10 soportes, con espárrago, de 65 cm de longitud y abrazadera de clip para sujetar la tubería colgante.\r\nAdemás de la instalación de una caja eléctrica.	8.00	504	19	150	3	\N
142	2023-10-04	Intercambiador área de prensado	Selección de cable, gabinete y charolas.\r\nSe revisan especificaciones de dispositivos para oferta, así como la selección de cable y tablero.\r\nSe genero lista de material para instalar	7.00	552	3	0	3	\N
114	2023-10-03	Apoyo en cableado de paro de emergencia	Se dio apoyo a Ing. Tiburcio en la identificación de cable del paro de emergencia, cableado y reconexión.\r\nTiempo muerto por desplazamiento de planta AMCO a CONALEP.	4.00	498	3	30	2	\N
116	2023-10-04	\N	Se identifican cables de comunicación sin etiqueta en Racks de switch	4.00	537	4	30	0	\N
117	2023-10-04	\N	Se retira plafon y se lleva al taller.	3.30	537	4	30	0	\N
118	2023-10-04	Cableado e instalación de lámparas	Se cablean fuerza y alumbrado,\r\nCon cable calibre 10, 12 y 14 para la línea de tierra.\r\n\r\nTambién durante el día se instalaron 5 contactos dobles con gfci.\r\n\r\nSe recibieron e instaló la primera de las 8 lámparas.  Mañana continuará la instalación de las demás.	8.00	504	19	120	0	\N
119	2023-10-04	\N	Resane de mezcla y boquilla y fondeo de sotea de terraza \r\nAsí como también se hace empastado de pared de enfrete de báscula	7.00	511	18	90	0	\N
122	2023-10-04	\N	Se isieron dos bases soportes para dos.climas de sala lean son adicionales \r\nTambién se comienza.con dos soportes para televisión que pidió el ING Pérez	7.00	527	18	90	0	\N
134	2023-10-03	\N	Se terminó de fabricar ultima ventana de segundo nivel queda pendiente pedír cristal de segundo nivel\r\nSe coloco primera ventana de báscula	7.30	514	18	90	0	\N
135	2023-10-03	\N	Se terminó guarda y se le ISO limpieza para dejarla para pintado estubo Sergio Juárez con apoyo de villa\r\nAquí también se ISO un adicional de una banca con mesita la ISO Efrén con apoyo de villa	7.30	533	18	90	0	\N
136	2023-10-03	\N	Se coloca toda la tubería del segundo nivel y se colocan condulet para apagadores y contactos junto también se colocan 2 lámparas	7.30	513	18	90	0	\N
137	2023-10-03	\N	Se repello parte de enfrente \r\nAsí como se enbiquillado.de todo el barandal	7.30	511	18	90	0	\N
138	2023-10-04	Limpieza en vias	Continúan los trabajos en vias. \r\nEl día de hoy se deshierba la zona en azul,  con el uso del rastrillo. \r\nSe junta basura en un solo lugar en espera de acarrearla al basurero.\r\n\r\nTambién se fumiga en línea recta la zona rosa. (Ver foto)	8.00	507	19	180	3	\N
139	2023-10-04	Adicional climas	Se bloquea y retira clima en oficina de RH. \r\nNo incluyó recuperación de gas. Solo el retiro y resguardo de la condensadora	0.50	542	19	0	0	\N
141	2023-10-05	\N	Se continua con la capacitación del curso SI Control Capability	3.00	519	4	30	0	\N
140	2023-10-05	\N	Se realizan cambios en las direcciones del panelview 800 para probar la pantalla con el PLC para mostrar la activación de las direcciones sin psarlas por una marca, debido a que esto no soluciono el que no se vieran en el panel, se concluye que es necesario hacer cambios en el PLC para pasar por marca sus direcciones de entrada y salida. Debido a que cuando en el PLC de prueba se programo para que si se activara una entrada esta activara la marca que se refleja en el panel, se indico de manera correcta.	5.00	545	4	30	0	\N
145	2023-10-05	Instalación de lámparas	Liberan el área 10:30\r\n\r\nContinua la instalación de 7 lamparas colgantes en sala lean. \r\n\r\nSe hace un conteo de material para el cierre de las actividades eléctricas y se pide el suministro de material.\r\n\r\nSe instalan contactos gfci(3 pzas) \r\nTotal de 10 \r\n\r\nNo ingresa material y no se puede continuar laborando.	8.00	504	19	240	1	\N
146	2023-10-05	\N	Se Fumiga en línea recta entre vías 3 y 4.\r\n(Recuadro azul)\r\n\r\nSe arranca el monte y junta con rastrillo\r\n(Recuadro verde)\r\n\r\nEl permiso de trabajo se liberó a las 11:15, porque los supervisores de cargill estaban en curso. \r\n\r\nIngresaron tolvas en todas las vías apartir de las 3:30, lo que dificultó las labores.	8.00	507	19	270	3	\N
113	2023-10-03	Levantamiento AMCO 1	Se realiza levantamiento en área de presado de nuevo intercambiador para atemperado de manteca.\r\nCliente solicita instalación de cableado de control para 4 electroválvulas 2RTDs, instalación de tablero y módulos de entrada y salidas.	3.00	552	3	0	0	\N
144	2023-10-05	Intercambiador área de prensado	Generación lista de pedido para iniciar oferta\r\n\r\nSe genero listado de material para proyecto de levantamiento, se compartió en grupo de ofertas.	6.00	552	3	0	0	\N
115	2023-10-04	Colocación de persiana en ofici y pluma de caseta	Se coloca pluma en caseta de vigilancia 2. \r\n\r\nSe retira persiana y coloca una nueva en la ventana lado izquierdo.  La persiana retirada se coloca en ventana lado derecho. Incluye el desmonte de plafones para la maniobra y colocación de dos soportes para sostener la persiana.	6.00	553	19	120	0	\N
143	2023-10-04	Curso Capacitación de Cargill	Se realizan evaluaciones y cursos de capacitación en plataforma sugerida.	3.00	553	3	0	0	\N
147	2023-10-06	Modificación de cableado de control en VDFs	Se realizó la modificación de cableado (Retiro y reubicación), instalación de puentes en variador de en VDF 30A2, 31A2 y 33A2, retiro de 3 potenciómetros, 1 Amperímetro en puerta. \r\n\r\n*Tiempos muertos*\r\n8:30am Llenado de permiso y revisión de herramienta.\r\n9:15am Se liberaron permisos (Seguridad, mantenimiento y producción).\r\n9:30am Toma de muestra de  calidad.\r\n4:00pm Se paro actividades por curso de seguridad.\r\n5:45pm Se retiro de planta y se lleno permiso firmado por HSE para acceso a planta.	6.00	546	3	120	0	\N
163	2023-10-05	Planta emergencia granja Catalina	Se pidió a encargado de mantenimiento de nombre Ramón, indicara lugar a donde quedaría remolque con planta y posición de ella sobre  remolque. \r\nSe procedió hacer maniobra levantar planta del suelo ponerla sobre plataforma de grúa. Colocar en posición remolque y ponerle planta.\r\nSe maniobró para poner en posición planta una ves logrado esto se marcó. Se hizo maniobra nuevamente para hacer a un lado planta y poder taladrar un lado luego otra maniobra para taladrar otro lado por se colocó y atornillo. Quedabdo fijada en posiciòn final.	9.00	555	21	0	0	\N
148	2023-10-07	\N	Se inicia programación y pruebas de comunicación modbus RTU para el la lectura de medidor de flujo en planta Civesa	5.00	550	4	40	0	\N
151	2023-10-07	\N	Se comenzó con la abertura de la entrada hombre \r\nSe cortó con pulidor \r\nSe consiguió un roto martillo para poder romper	4.00	547	18	60	0	\N
152	2023-10-07	\N	Se barreno o se rompió para hacer el segúndo ollo para el clima \r\nTambién se isieron los dos barrenos de la loza para sacar la tuberia \r\nSe colocó pletina \r\nSe ISO limpieza	5.00	548	18	60	0	\N
153	2023-10-07	\N	Se barreno con cuidado azulejo y se pasó el muro \r\nSe presentó pantalla \r\nSe coloco soporte \r\nSe coloco pantalla \r\nSe colocaron soleras \r\nSe usó limpieza	5.00	548	18	60	0	\N
154	2023-10-06	\N	Se colocó zrc a guardas, soportes y Meza y banca \r\nCómo lluvio ya no se pinto \r\nSe subieron 3 puertas de galería y se bajaron dos \r\nTambién se revisaron las que ya estaban puestas para colocar autotaladrantes	6.30	517	18	120	2	\N
155	2023-10-01	\N	Se verifica que el PLC se pueda comunicar correctamente con el PLC y se nos describe como debe funcionar el sistema (como la maquina ya migrada)	4.00	551	1	0	0	\N
156	2023-10-08	\N	Se hace visita para conectarse con el PLC y modificar el programa actual para que visualicen todas las variables en el panel, además se identifican los variadores y como se realiza la comunicación con ellos	4.50	551	1	0	0	\N
150	2023-10-06	\N	Se termina un agujero y se monta una evaporadora, se inicia con el agujero de la segunda evaporadora.	2.00	548	1	0	0	\N
201	2023-10-17	\N	Se coloca cable de red ethernet para pantalla 1 y cable HDMI para pantalla 2 en sala lean	1.50	548	4	20	0	f
149	2023-10-06	\N	En emboquilla puerta, se resanan 2 agujeros en el techo y se prepara lugar donde se va colocar mosaico al rededor de la tubería	2.00	527	1	0	0	\N
157	2023-10-06	\N	Se comienza con las guardas \r\nSe sube a sacar medidas .se comienza con los cortes para el armado de ellas \r\nSe comienza también a soldar	7.00	533	18	105	0	\N
158	2023-10-05	\N	Se colocaron dos ventanas y se les coloco el cristal así como también. Se dejó preparada otra con su cristal	7.00	514	18	105	0	\N
160	2023-10-06	\N	Se continúa enpastando \r\nSe pinto barandal por dentro \r\nSe impermeabilizo parte de techo	7.00	510	18	105	0	\N
48	2023-09-25	Barandal de báscula	Se si con las medias y fabricación en 3 piezas de barandal \r\nSe saca medida y se presenta primer parte	7.00	510	18	120	0	\N
33	2023-09-22	Fabricación de barandal de báscula	Se soldan placa a patas de barandal y se saca medidas para seguir con sortea de piesas así como se solda un sección del baranda	6.30	510	18	135	0	\N
108	2023-10-03	Adicional problema de comunicación cimplicity	Se dio diagnostico en el site, para verificar la comunicación con los equipos, se encontro que desde el SITE no tenia comunicación con los PLC, posterior a esto se desconecto el cable de red de las camaras de vias y revisión de la comunicación con los PLC en el TAB-3, debido a que la comunicación con los equipos desde el TAB-3 estaba bien se llego a la conclusión de que el problema podria ser la fibra, se regreso al SITE y se encontro 1 cable de fibra roto, se cambio y aun no se corregia el problema entomces se cambio el par de fibra a utilizar y el problema se corrigio.\r\n\r\nActividad extra: se realiza instalación de tarjeta en drive de torre 2 y se revisa cable de red en torre 1 se realiza la medición para cambiar cable de red en torre 1 y mide un aprox de 15m para el cable.	7.00	553	4	120	0	\N
162	2023-10-07	Falla en lógica de PLC y Cimplicity	Se resuelve problema en planta, dos bits que no deberían estar activos de forma simultanea lo estaban, no se puede identificar el origen de este comportamiento pero se restablecen manualmente los bits, en operación explican que estaban haciendo un movimiento, se disparo un equipo y luego de restablecer quisieron hacer otro movimiento y se presento la falla.	2.00	553	1	0	0	\N
165	2023-10-07	Colocación de tarjetas profinet en variadores	Se suministro equipos a instalar en almacen.\r\n-Se realizó la colocación de tarjetas de 3 variadores.\r\n-Retiro de ventilador en puerta.\r\n-Cableado en contacto auxiliar de paro de emergencia remoto.\r\n-Retiro de cable de 3 contactores.	10.00	546	3	20	0	\N
164	2023-10-06	Reubicación de planta en granja Gertrudis	Se retiraron tornillos, se movió a posición se marcó, movió para barrenar y se volvió a colocar. Se fijó.	6.00	556	21	0	0	\N
167	2023-10-06	\N	Se tienden 7 metros de tubería galvanizada de 1/2, para la instalación de los sensores de humo.\r\n\r\nSe termina de poner los contactos (2) y el apagador.\r\n\r\nSe reacomodan las lámparas (se centran más en las cajas eléctricas) \r\n\r\nPor observación del cliente se cambia la tubería de alimentación del clima, lo que implicó desatornillar tubería y soportes y colocarlos en sentido opuesto.	8.00	504	19	120	0	\N
168	2023-10-06	\N	Se corrigieron los detalles en los trabajos de pintura.\r\n\r\nSe barre y limpia el área. \r\n\r\nSe va a solicitar ácido y algún limpiador de pisos para quitar las manchas de concreto sobre el azulejo y pared.\r\n\r\nSe empieza con el emboquillado donde irá la puerta	5.00	501	19	90	0	\N
159	2023-10-05	\N	Se enpasto barandal de último piso \r\nTambién se enboquillo \r\nEstamos ya dando términos de arriba hacia abajo	7.00	510	18	105	0	\N
161	2023-10-06	Preparar PC para Cimplicity en CCTV	Se hace intalación de windows 10 y Cimplicitty 11 en CPU, se revisa la conexión con las camaras del CCTV.	9.00	520	4	120	0	f
178	2023-10-09	Desinstalación e instalación de puertas	-Se acarreo puertas, switches y panel desde almacén a cobertura blanca.\r\n-Desinstalación de puertas y dispositivos en ellas.\r\n-Instalación de puertas nuevas.\r\n-Barrenado de orificio para seccionador de palanca.\r\nMontaje de panel, extractor, paro de emergencia, reset.\r\n-Cambio de chapa.\r\n-Retiro de canaleta ranurada.\r\n-Modificación de ubicación de riel din.\r\n-Montaje de switches, ET200 y módulos.\r\n-Reemplazo de riel Din en parte inferior y reacomodo de Clemas de interconexión. (Se añaden 2 módulos de clemas de 16 pzas c/u).	9.00	546	3	30	0	\N
179	2023-10-10	Instalación de nuevo alambrado en permisivos de paro de emergencia.	-Se alambran contactores auxiliares nuevos. --Instalación de relés *(Se suministran 4 relés Finder tipo clema con bobina a 24VDC)*. \r\n-Conexión de electroválvula.\r\n-Instalación de SD 2GB en HMI.\r\n-Instalación de cable de Paro de emergencia remoto.\r\n-Cableado de alimentación en módulos I/O.\r\n-Retiro de Cable amarillo en variadores. \r\n*Tiempo muerto en presentación de Ing. Enrique Martínez con Ing. Francisco Phanuel para recorrido.\r\n**Se Realizaron 3 horas extras de 18:30 a 21:30hrs.	12.00	546	3	20	0	\N
181	2023-10-10	Trabajo de climas completado	Se termina de vaciar gas.\r\nSe cablea hacia la llegada del clima y el cable se oculta con un pedazo de licuatite (1 m en total, de 3/4'"') \r\nSe encinta con cinta momia	6.00	548	19	60	0	\N
183	2023-10-11	\N	Se conecta la alimentación de los equipos de aire acondicionado,  \r\n\r\nPrevio al inicio de las actividades el personal eléctrico toma un curso sobre el llenado del nuevo permiso de trabajo para maniobras electicas\r\n\r\nDurante la liberación del permiso se ve con el ing. Estaban el cambio de tablero y peinado de los cables que alimentan contactos y alumbrado de la parte alta.\r\n\r\nSe trabaja identificando la llegado de la alimentación principal del tablero \r\n\r\nSe bloquea el tablero y proceden a hacer la conexión de los climas.	8.00	504	19	240	0	\N
184	2023-10-11	Colocación de puerta	Se continúan con los fijos laterales para las puertas. \r\n\r\nSe colocan los cristales en los laterales.\r\nIncluyó el corte del cristal de las puertas anteriores.	8.00	527	19	120	0	\N
185	2023-10-11	Limpieza	Se continúa terminando detalles de la sala lean, \r\nHoy se volvió a delinear la pintura.\r\nSe emboquilló parte del hoyo del bajante pluvial. \r\n\r\nSe desarma partes del andamio y se lleva a caseta.\r\n\r\nSe limpia y barre paredes y piso	7.00	501	19	120	2	\N
186	2023-10-12	Limpieza y reinstalación de pizarrones	Se continua con limpieza a fondo de ventanas y piso. \r\n\r\nAl medio dia (12 pm) se integra Oscar y Alfredo a la colocación de pizarrones y televisor de la sala, porque no fue liberada su actividad inicial planeada.\r\n\r\nA las 3 paran Oscar y Alfredo para retomar su actividad planeada (en RH)\r\n\r\nLa sala lean quedan a final de turno limpia, sin andamios ni escaleras.	8.00	501	19	120	3	\N
187	2023-10-12	Pruebas de conexión y  señales de campo	-Se realizó un barrido de conexiones para. Descartar algún fallo.\r\n-Se hizo prueba de conexiones de alimentación\r\n-Se conectaron señales de campo\r\n-Se indicó a ING. Misael falta de 2 módulos analógicos.\r\n-Se platico status a personal de Dyvis para pruebas.\r\n*Tiempo muerto por descanso ya que el área está muy caliente.	12.50	546	3	60	3	\N
188	2023-10-11	\N	Apoyo para ordenar permisos de trabajo del mes de Agosto 2023	9.00	553	4	30	0	\N
189	2023-10-12	\N	Apoyo para ordenar permisos de trabajo del mes de Disiembre 2022	8.00	553	4	0	0	\N
190	2023-10-13	\N	Apoyo para ordenar permisos de trabajo del mes de Noviembre 2022, Junio 2022 y Octubre 2022	9.00	553	4	0	0	\N
182	2023-10-10	Adicional de Carlos	Se pinta la franja amarilla con pintura negra, sobre el asfalto, para borrarla.\r\n\r\nAncho de la línea 20 cm, longitud 40 m. Por dos líneas.\r\n\r\nSe preparó la pintura.	3.00	553	19	0	3	\N
192	2023-10-13	Inicio de pruebas (check I/O) con técnico Duyvis Weiner	Se iniciaron pruebas en las entradas y salidas de Et200, se corrigieron señales cableadas por errores en diagramas, se instalaron 2 módulos AI, que faltaban.\r\nSe hicieron pruebas de giro en motores.\r\nSe encontró un detalle en DTU unit. En señal analógica. Se hicieron distintas pruebas en conexionado y quedó pendiente por variación en señal de temperatura.	9.00	539	3	0	3	\N
194	2023-10-11	Cableado de I/Os	Conexión de señales permisivas de arranque.\r\nAlimentaciones de CPU, HMI,Switches profinet.\r\nCableado de I/O a clemas de conexión Y alimentación de buses 24vdc en bornes X3 y X4.	12.50	546	3	30	3	\N
196	2023-10-16	Pruebas con producto molino G7	Inicialmente se cambio fase en variador 31A2 (Motor de molino), por giro inverso. Se realizaron pruebas con producto, se identificaron y solucionaron problemas de configuración en 3 sensores de presión, ya que no daban lectura en displays.\r\nSe hizo pruebas de con producto y calentamiento de producto.\r\n*Tiempo muerto por espera a preparación de producto para pruebas.*	7.50	539	3	120	0	\N
197	2023-10-16	\N	Se termina de pegar piso en la segunda planta (1.2 m²) y empieza a pegar zoclo (10 m)\r\n\r\nSe arma el andamio para el empastado desde la parte alta de la caseta.	8.00	511	19	100	0	\N
198	2023-10-16	\N	Hora de liberación de permiso 9:30.\r\n\r\nEmpieza a reenverdecer las vías en donde ya se había echado líquido pero ya no se ha atendido.\r\n\r\nSe tiene que parar en diversas ocasiones por la entrada de tolvas\r\n\r\nLas condiciones meteorológicas del día impiden que se avance en la actividad programada	5.00	507	19	180	3	\N
199	2023-10-16	\N	Se cablea fases, neutro y tierra de la parte eléctrica de la segunda planta,  además se instala una lámpara más. \r\n\r\nQueda pendiente el suministro para la instalación de accesorios (contactos y apagador) \r\n\r\nDurante la instalación se nota que las luces de la lámpara estás rotas	8.00	513	19	120	0	\N
180	2023-10-10	Puerta de sala lean	El día de hoy se trabajó en la colocación de la cancelería de aluminio para la puerta de sala lean.\r\nSe colocaron los fijos laterales,  \r\nCortes y ajustes hechos en el área	8.00	527	19	120	0	f
200	2023-10-16	\N	Por falla de conexión de internet y necesidad de operación no se concluyo la migración de la licencia en el Viewer 4 del Cimplicity	5.00	520	4	0	0	\N
193	2023-10-14	\N	Debido al mal tiempo no se pudo trabajar como estaba programado.\r\n\r\nSe pospone la actividad para el siguiente fin de semana	5.00	547	19	5	3	t
202	2023-10-16	\N	Se retiro ventana para reparación \r\nSe cómo ángulo para ampliarlo a su dimensión se le colocó malla \r\nSe le colocó zrc a la soldadura \r\nMe apoyo con dos levantamientos	7.00	553	18	120	0	f
208	2023-10-17	Reporte fotográfico	Se realiza reporte fotográfico de actividades desarrolladas en proyecto se subió a carpeta de proyecto en servidor. Queda pendiente Carta de proyecto.	1.50	539	3	0	0	\N
209	2023-10-17	\N	Se retiro una parte de malla ya que se va a hacer por secciones \r\nSe retiro concreto en mal estado de dos patas \r\nSe cortaron dos patas de tubería de 2 1/2'"' cédula 40 de 60 cm para agregarle a cada poste \r\nSe colaron dos patas con fondo de 50 cm \r\nNos apoyo para retirar la malla y para ver cómo va a quedar bien hecho Sergio Juárez y Efrén	6.30	564	18	120	0	\N
213	2023-10-18	\N	Se comenzó a colocar guardas del proyecto \r\nSe subieron todas las guardas	7.00	533	18	120	0	\N
212	2023-10-18	\N	Se isieron tres oyos en los postes \r\nSe colaron dos por qué se terminó el cemento \r\nSe retiro una hoja del portón	7.00	564	18	120	0	\N
215	2023-10-18	\N	Se agrega en el programa la escritura a esclavos.	8.00	550	4	120	0	\N
216	2023-10-18	\N	Continúa Jorge con la identificación del cableado.\r\nTermina de identificar dentro del tablero.\r\n\r\nMañana se planea continuar siguiendo las líneas y rutas para ver de donde son.\r\n\r\nEl ing. Carlos hace la observación de que deberíamos tener un equipo de arc flash.\r\n\r\nEl que se utiliza para manipular cables de los tableros ha sido prestado por Cargill siempre y cuando no esté ocupado.\r\n\r\nLa solicitud de Jorge fue que ponerle un ayudante para avanzar, pues se complica las labores trabajando solo arriba de la escalera.	8.00	558	19	240	0	\N
217	2023-10-18	\N	Se instaló desague del clima por la parte exterior del edificio. \r\n\r\nTambién se cargó de gas uno de los climas.\r\n\r\n\r\nSe revisaron las conexiones del clima, porque en un principio uno de los dos no encendia, se corrigió el problema y pusieron en funcionamiento.	8.00	548	19	150	3	\N
218	2023-10-18	\N	Miguel y Teodoro  continuaron con el empastado. \r\n\r\nSe termina aprox 6m² de repello con 12m² de empaste en parte alta de una de las caras posteriores externas. \r\n\r\nBeto termina de detallar la escalera, una boquilla en la ventana y los perfiles de las esquinas.\r\n\r\nRoberto para actividades después de 2:00 para moverse a la cisterna	8.00	510	19	150	0	\N
220	2023-10-18	Adicional Puerta	Se rompió el piso para la colocación de la cerradura.	8.00	527	19	180	2	\N
221	2023-10-18	Levantamiento tolva PTAR CITROFRUT	Se realizo levantamiento para alimentación eléctrica tolva PTAR. Se tomo medición.\r\nRevisión de oferta en arranque de bombas de lavado.\r\n*Tiempo muerta en espera al acceso*	4.50	552	3	180	0	\N
222	2023-10-19	Material para oferta alim. elect. Tolva PTAR	Se realizan cálculos, creación de isométrico, para sacar volumetría de materiales.\r\nQueda pendiente la parte del cruce aéreo y volumetría de material en zona de tolva.	8.00	552	3	0	0	\N
223	2023-10-19	Generar carta de termino de proyecto	Se realiza carta de entrega de proyecto para entregar a ing. Misael el día sábado 21 de octubre.	1.00	539	3	0	0	\N
224	2023-10-19	Identificación de cableado	Se trabajó en la identificación de las rutas y salidas eléctricas en la planta baja del edificio de oficinas.\r\n\r\nEn ciertos periodos de tiempo se mueve a Jorge y a Walter a otra actividad como apoyo \r\n(Poner puerta y televisión en sala lean)\r\n\r\nSe hace un levantamiento de todo el material que ocuparan los trabajos posteriores a la identificación del cableado	8.00	558	19	120	3	\N
226	2023-10-19	Colocación de puerta y televisión	Se terminar de colocar la puerta y se reinstala la televisión. \r\n\r\nSe solicitó el apoyo de Jorge y Walter para sostener y anclar la puerta y el televisor, ya que eran objetos muy pesados y delicados	8.00	527	19	120	0	\N
227	2023-10-19	\N	Se culmina el programa para lectura y escritura Modbus RS-485 para 18 esclavos se configura contador y se simulan pulsos para verificar su funcionamiento.	10.00	550	4	120	0	f
195	2023-10-14	Corrección de problemas en VDFs y señales analógicas DTU unit	Se dió apoyo a personal de Duyvis, en la corrección en fallos de configuración en VDFs, señales analógicas de temperatura y presión y cambio de cable por daño.	9.00	539	3	30	3	t
225	2023-10-19	\N	Se continua con el empaste en la parte exterior de la caseta. \r\nUn avance aprox de 6m2 trabajados \r\n\r\nSe desciende en el andamio para trabajar sobre una nueva parte.\r\n\r\nMiguel y Aldo es movido a las 3:00 de sus actividades para atender otras.\r\n\r\nSe integra Hugo, quien también detiene su actividad inicial	8.00	510	19	150	0	f
228	2023-10-20	\N	Se agrega en la logica calculo del flujo instananeo y calculo del total por hora.	8.00	550	4	60	0	f
229	2023-10-21	\N	Se emboquilla entrada, se termina una hora antes de salir y la hora restante el personal apoya en las actividades de pintado de taller	5.00	547	1	20	0	t
230	2023-10-21	\N	Lavado de pared con andamio, retiro de carteles, resanado de agujeros	5.00	568	1	30	0	t
211	2023-10-17	\N	Pintado de ventana en primario y acabado \r\nColocación de ventanal en bodega	6.30	553	18	150	0	f
207	2023-10-17	Colocación de señalamientos, realización de chequeo de pinturas	Se colocaron unos letreros en estacionamientos.\r\n\r\nTambién, se contabilizó, separó y anotó la relación de pinturas que hay resguardas.\r\n\r\nAl terminar las actividades Hugo y Gabriel ayudan a Jesus en su actividad	4.00	553	19	1	0	f
214	2023-10-18	\N	Se le continúa limpiando a las dobladora\r\nSe trajo una viga y se usó equipo de oxicorte para sacar una placa para la dobladora \r\nSe le soldó pieza que se cambió \r\nSe continuo con la limpieza	7.00	569	18	120	0	f
210	2023-10-17	\N	Se cortó lamina en mal estado del doblador y se siguió con la limpieza \r\nSe le ISO corte a dos puertas \r\nSe coloco malla y el desagüe	7.30	569	18	120	0	f
203	2023-10-16	\N	Se continúa con kardiado de equipos doblador y rolador de cargill \r\nTambién se continúa con limpiezas de puertas	7.30	569	18	90	0	f
231	2023-10-20	Pintado de oficina	Se pinta pared en el área de oficina \r\nEn una área aprox.  De 6 m² con pintura verde claro\r\n\r\nY 30 m² con pintura verde fuerte. \r\n\r\nA una mano.	6.00	553	19	90	0	f
232	2023-10-20	Empaste y pegado de piso	Se da el empaste a un área de pared en la parte exterior de la caseta de aprox 6m² a dos manos.\r\n\r\nSe desarma un cuerpo de andamio para continuar con el empaste en un nivel más abajo.\r\n\r\nMiguel Reyes se retira a las 3pm\r\n\r\nSe pega el piso a la salida del interior de la caseta. 7m², actividad por Roberto y Aldo	7.00	510	19	90	0	f
233	2023-10-20	Colocación de soporte para pantalla en CCO	La actividad consistía en colocar un soporte para televisión dentro del CCO \r\n\r\nHubo problemas para fijar el soporte y al mismo tiempo usar la escalera porque no había de donde sujetarla así que se armó un cuerpo de andamio (orden del ing. Carlos) \r\n\r\nSe arma andamio por la parte exterior posterior del CCO\r\n\r\nLa actividad vuelve a detenerse por el ruido y el poco espacio que se dejaba para la circulación del personal de cargill, se pide desarmar andamio y reprogramar actividad (orden del ing. Carlos) \r\n\r\nWalter y Ruben son reasiginados a otras actividades	7.00	553	19	180	0	f
234	2023-10-22	\N	Se retira panel view y se presenta placa con panelview 800 debido a que no se llevo broca para acero inoxidable no se pudo instalar.\r\nSe instala fuente de alimentación de 24 V.	3.00	551	4	20	0	f
\.


--
-- Data for Name: projects_report_workers; Type: TABLE DATA; Schema: public; Owner: admintiburcio
--

COPY public.projects_report_workers (id, report_id, user_id) FROM stdin;
1	1	1
2	1	19
3	2	3
4	3	21
5	3	12
6	3	20
7	3	15
8	4	11
9	4	13
10	4	22
11	5	2
12	6	4
13	7	18
14	7	24
15	7	23
17	8	25
18	9	25
19	10	16
20	10	14
21	11	21
22	11	12
23	11	20
24	11	15
25	11	29
26	12	4
27	13	3
28	14	16
29	14	26
30	14	14
31	15	25
32	16	24
33	16	23
34	17	27
35	17	29
36	18	11
37	18	13
38	18	22
39	19	12
40	19	21
41	19	15
42	19	31
43	20	15
44	21	12
45	22	11
46	22	13
47	22	22
48	23	1
49	24	25
50	24	30
51	25	24
52	26	4
53	27	4
54	28	3
55	29	25
56	29	11
57	30	31
58	30	21
59	30	15
60	31	21
61	31	14
62	31	31
63	32	25
64	32	11
65	33	24
66	33	23
67	34	26
68	34	12
69	34	22
70	35	27
71	35	29
72	35	6
73	36	3
74	37	4
75	38	31
76	38	21
77	38	15
78	39	12
79	39	22
80	40	22
81	40	31
82	41	2
83	42	4
84	42	30
85	43	14
86	43	31
87	44	31
88	45	20
89	45	6
90	46	4
91	47	11
92	47	27
93	48	24
94	48	25
95	49	24
96	49	25
97	50	24
98	50	25
99	51	16
100	51	26
101	51	12
102	51	32
103	52	13
104	53	4
105	54	14
106	54	31
107	55	3
108	56	13
109	57	32
110	57	26
111	58	16
112	58	27
113	58	23
114	59	24
115	59	11
116	60	16
117	60	14
118	60	15
119	61	6
120	61	22
121	62	4
122	63	4
123	64	4
124	65	16
125	65	15
126	66	16
127	66	14
128	67	6
129	67	22
130	68	3
133	71	3
134	72	3
135	73	4
136	74	31
137	74	15
138	75	14
139	75	31
140	76	6
141	76	22
142	77	32
143	77	26
144	78	20
145	78	30
146	79	16
147	79	25
148	80	27
149	81	24
150	81	23
151	82	32
152	82	26
153	83	20
154	83	30
155	84	27
156	85	24
157	85	23
158	86	25
159	86	11
160	87	3
161	87	31
162	87	15
163	88	3
164	89	3
165	90	4
166	90	22
167	91	27
168	92	24
169	92	23
170	93	25
171	93	11
172	94	21
173	94	13
174	94	30
175	94	6
176	95	32
177	95	31
178	96	32
179	96	31
180	97	32
181	97	6
182	97	13
183	97	21
184	97	30
185	97	31
186	97	26
211	106	3
212	106	31
213	106	15
216	108	4
217	108	21
222	111	20
223	111	22
224	112	29
225	112	6
226	113	3
227	114	1
228	114	3
229	115	13
230	115	30
231	116	4
232	116	21
233	117	11
234	117	4
235	118	29
236	118	6
237	119	32
238	119	26
239	119	31
240	119	15
247	122	24
248	122	11
249	122	23
283	134	25
284	134	11
285	135	24
286	135	27
287	135	23
288	136	13
289	136	30
290	137	32
291	137	26
292	137	15
293	138	20
294	138	22
295	139	29
296	140	4
297	141	4
298	142	3
299	143	3
300	144	3
301	145	29
302	145	6
303	146	20
304	146	22
305	147	3
306	147	13
307	148	4
308	149	15
309	150	29
310	151	27
311	151	15
312	152	11
313	152	29
314	153	24
315	153	25
316	153	23
317	154	27
318	154	20
319	154	22
320	155	1
321	155	4
322	156	1
323	156	4
324	149	31
325	157	24
326	157	25
327	157	23
328	158	25
329	158	11
330	159	26
332	159	31
333	159	15
334	160	32
335	160	15
336	161	4
337	162	1
338	163	21
339	164	21
340	165	3
341	165	13
342	166	3
343	166	13
344	167	29
345	167	6
346	168	14
347	168	31
348	169	4
349	170	1
350	170	4
351	171	1
352	171	4
353	172	32
354	172	26
355	172	31
356	172	15
357	173	24
358	173	23
359	174	27
360	175	24
361	175	11
362	176	26
363	176	15
364	177	4
365	178	3
366	178	13
367	179	3
368	179	13
369	180	25
370	180	11
371	181	29
372	181	21
373	182	22
374	183	21
375	183	6
376	183	30
377	184	25
378	184	11
379	185	14
380	185	31
381	186	22
382	186	30
383	186	6
384	186	31
385	187	3
386	187	13
387	188	4
388	189	4
389	190	4
390	159	32
393	192	3
394	192	13
395	193	22
396	193	15
397	194	3
398	194	13
399	195	1
400	195	3
401	196	1
402	196	3
403	197	26
404	197	31
405	197	15
406	198	11
407	198	22
408	199	13
409	199	6
410	200	4
411	201	29
412	201	4
413	201	13
414	202	24
415	202	33
416	203	27
417	203	23
418	204	1
419	204	3
420	205	29
421	205	4
422	205	13
423	206	32
424	206	26
425	206	15
426	206	31
427	207	20
428	207	22
429	208	3
430	209	11
431	209	20
432	209	22
433	210	27
434	210	23
435	211	24
436	211	33
437	212	11
438	212	22
439	213	24
440	213	33
441	214	27
442	214	23
443	215	4
444	216	13
445	217	20
446	217	29
447	218	32
448	218	14
449	218	15
450	218	26
451	218	31
457	220	25
458	221	1
459	221	3
460	222	3
461	223	3
462	224	29
463	224	13
464	225	22
465	226	25
466	226	11
467	227	4
468	225	26
469	225	15
470	225	31
471	228	4
472	229	15
473	229	31
474	230	11
475	230	20
476	230	22
477	231	20
478	232	32
479	232	14
480	232	15
481	232	26
482	232	31
483	233	25
484	233	29
485	234	1
486	234	4
\.


--
-- Data for Name: projects_reportprogress; Type: TABLE DATA; Schema: public; Owner: admintiburcio
--

COPY public.projects_reportprogress (id, amount, activityprogress_id, report_id) FROM stdin;
1	4.00	1	23
2	6.00	3	42
5	35.00	4	46
7	0.00	12	50
8	0.00	13	50
10	0.00	11	51
12	0.50	17	52
13	0.00	7	53
14	0.00	8	53
15	10.00	9	53
16	0.00	10	53
11	1.00	5	52
9	0.50	14	50
6	1.00	18	47
25	1.00	21	53
112	3.00	26	187
113	3.00	26	194
114	15.00	25	198
26	20.00	15	54
27	0.25	16	54
29	15.00	17	56
30	12.00	12	57
31	0.00	13	57
32	0.00	14	57
33	6.00	19	58
34	0.00	12	59
35	0.00	13	59
36	1.50	14	59
37	70.00	15	60
38	0.25	16	60
39	0.00	7	62
40	0.00	8	62
41	0.00	9	62
42	0.00	10	62
43	0.00	21	62
44	0.00	4	63
45	80.00	15	65
46	1.00	16	65
47	80.00	15	74
48	1.00	16	74
49	2.00	12	77
50	0.00	13	77
51	0.00	14	77
53	6.00	17	78
54	4.00	19	80
55	0.50	22	81
56	1.50	11	82
58	9.00	17	83
59	0.00	19	84
60	0.00	22	85
61	0.00	7	90
62	2.00	8	90
63	0.00	9	90
64	0.00	10	90
65	0.00	21	90
67	15.00	17	94
68	0.00	5	97
69	0.00	17	97
70	0.50	22	92
28	0.00	5	56
52	0.00	5	78
57	0.00	5	83
66	0.00	5	94
71	0.00	11	119
72	1.00	22	135
73	1.00	5	136
74	60.00	17	136
75	33.00	24	136
76	0.00	11	137
77	50.00	25	138
78	50.00	25	146
79	1.50	26	147
80	1.50	27	148
81	3.00	19	154
82	1.00	28	155
83	1.00	28	156
84	0.00	12	159
85	0.00	13	159
86	0.00	14	159
87	0.00	12	160
88	0.00	13	160
89	0.00	14	160
91	0.00	15	168
92	0.00	16	168
93	5.00	4	170
94	0.00	7	171
95	0.00	8	171
96	0.00	9	171
97	0.00	10	171
98	0.00	21	171
99	0.00	11	172
100	18.00	22	175
101	0.00	11	176
102	2.00	29	177
103	2.00	26	166
90	3.50	26	165
104	3.00	26	178
105	2.00	26	179
106	0.00	15	180
107	0.00	16	180
108	0.00	15	185
109	0.00	16	185
110	0.00	15	186
111	0.00	16	186
115	0.00	5	199
116	0.00	17	199
117	33.00	24	199
118	0.00	1	200
119	6.00	12	206
120	0.00	13	206
121	0.00	14	206
122	3.00	22	213
123	0.00	27	215
124	12.00	12	218
125	0.00	13	218
126	0.00	14	218
127	1.00	27	227
128	0.20	27	228
129	0.00	12	232
130	0.00	13	232
131	0.00	14	232
132	1.00	28	234
\.


--
-- Data for Name: projects_requirements; Type: TABLE DATA; Schema: public; Owner: admintiburcio
--

COPY public.projects_requirements (id, name, description, amount, unit, status, activity_id, by_id, request_date, supply_date, to_id) FROM stdin;
4	Placas de identificación para gabinetes	Fabricar las placas de identificación en acero inoxidable para los gabinetes 100-GSC-001 y 200-GSC-001	2	Pza	0	224	4	2023-09-19	2023-09-19	1
5	Piezas para andamio	Se solicita de manera urgente, para seguir con las actividades en la sala lean (colocación de block y repellado de losa en 2 diferentes puntos) lo siguiente:\r\n\r\n4 llantas para el andamio.\r\n3 charolas para el andamio	1	Pzas	0	501	19	2023-09-20	2023-09-20	7
3	Chalupas electricas	Chalupas reforzadas normales.\r\nSe entregaron 4 y faltan 6	10	Pza	1	504	19	2023-09-19	2023-09-20	7
1	Soporte para sensor conalep	Diseño y fabricación de soporte del sensor de marca cero para el spindle del CNC	1	pza	1	498	1	2023-09-18	2023-09-20	2
2	Limpieza de gabinete y peinado de cable	Dejar el gabinete del CNC en el Conalep listo para operación	1	serv	1	498	1	2023-09-18	2023-09-21	2
6	Cable hdmi	Cable HDMI para sistema de cámaras https://www.steren.com.mx/cable-elite-hdmi-4k-con-filtros-de-ferrita-3-6-m.html	1	pza	0	529	1	2023-09-26	2023-09-27	7
\.


--
-- Name: auth_group_id_seq; Type: SEQUENCE SET; Schema: public; Owner: admintiburcio
--

SELECT pg_catalog.setval('public.auth_group_id_seq', 8, true);


--
-- Name: auth_group_permissions_id_seq; Type: SEQUENCE SET; Schema: public; Owner: admintiburcio
--

SELECT pg_catalog.setval('public.auth_group_permissions_id_seq', 344, true);


--
-- Name: auth_permission_id_seq; Type: SEQUENCE SET; Schema: public; Owner: admintiburcio
--

SELECT pg_catalog.setval('public.auth_permission_id_seq', 76, true);


--
-- Name: auth_user_groups_id_seq; Type: SEQUENCE SET; Schema: public; Owner: admintiburcio
--

SELECT pg_catalog.setval('public.auth_user_groups_id_seq', 59, true);


--
-- Name: auth_user_id_seq; Type: SEQUENCE SET; Schema: public; Owner: admintiburcio
--

SELECT pg_catalog.setval('public.auth_user_id_seq', 34, true);


--
-- Name: auth_user_user_permissions_id_seq; Type: SEQUENCE SET; Schema: public; Owner: admintiburcio
--

SELECT pg_catalog.setval('public.auth_user_user_permissions_id_seq', 1, false);


--
-- Name: django_admin_log_id_seq; Type: SEQUENCE SET; Schema: public; Owner: admintiburcio
--

SELECT pg_catalog.setval('public.django_admin_log_id_seq', 18, true);


--
-- Name: django_content_type_id_seq; Type: SEQUENCE SET; Schema: public; Owner: admintiburcio
--

SELECT pg_catalog.setval('public.django_content_type_id_seq', 19, true);


--
-- Name: django_migrations_id_seq; Type: SEQUENCE SET; Schema: public; Owner: admintiburcio
--

SELECT pg_catalog.setval('public.django_migrations_id_seq', 52, true);


--
-- Name: finances_movement_id_seq; Type: SEQUENCE SET; Schema: public; Owner: admintiburcio
--

SELECT pg_catalog.setval('public.finances_movement_id_seq', 91, true);


--
-- Name: profiles_client_id_seq; Type: SEQUENCE SET; Schema: public; Owner: admintiburcio
--

SELECT pg_catalog.setval('public.profiles_client_id_seq', 40, true);


--
-- Name: profiles_clientcontact_id_seq; Type: SEQUENCE SET; Schema: public; Owner: admintiburcio
--

SELECT pg_catalog.setval('public.profiles_clientcontact_id_seq', 1, false);


--
-- Name: profiles_supplier_id_seq; Type: SEQUENCE SET; Schema: public; Owner: admintiburcio
--

SELECT pg_catalog.setval('public.profiles_supplier_id_seq', 30, true);


--
-- Name: profiles_suppliercontact_id_seq; Type: SEQUENCE SET; Schema: public; Owner: admintiburcio
--

SELECT pg_catalog.setval('public.profiles_suppliercontact_id_seq', 1, false);


--
-- Name: profiles_workerstime_id_seq; Type: SEQUENCE SET; Schema: public; Owner: admintiburcio
--

SELECT pg_catalog.setval('public.profiles_workerstime_id_seq', 17, true);


--
-- Name: profiles_workerstime_worker_id_seq; Type: SEQUENCE SET; Schema: public; Owner: admintiburcio
--

SELECT pg_catalog.setval('public.profiles_workerstime_worker_id_seq', 27, true);


--
-- Name: projects_activity_id_seq; Type: SEQUENCE SET; Schema: public; Owner: admintiburcio
--

SELECT pg_catalog.setval('public.projects_activity_id_seq', 569, true);


--
-- Name: projects_activityprogress_id_seq; Type: SEQUENCE SET; Schema: public; Owner: admintiburcio
--

SELECT pg_catalog.setval('public.projects_activityprogress_id_seq', 31, true);


--
-- Name: projects_photo_id_seq; Type: SEQUENCE SET; Schema: public; Owner: admintiburcio
--

SELECT pg_catalog.setval('public.projects_photo_id_seq', 526, true);


--
-- Name: projects_project_contact_id_seq; Type: SEQUENCE SET; Schema: public; Owner: admintiburcio
--

SELECT pg_catalog.setval('public.projects_project_contact_id_seq', 1, false);


--
-- Name: projects_project_id_seq; Type: SEQUENCE SET; Schema: public; Owner: admintiburcio
--

SELECT pg_catalog.setval('public.projects_project_id_seq', 515, true);


--
-- Name: projects_report_id_seq; Type: SEQUENCE SET; Schema: public; Owner: admintiburcio
--

SELECT pg_catalog.setval('public.projects_report_id_seq', 234, true);


--
-- Name: projects_report_workers_id_seq; Type: SEQUENCE SET; Schema: public; Owner: admintiburcio
--

SELECT pg_catalog.setval('public.projects_report_workers_id_seq', 486, true);


--
-- Name: projects_reportprogress_id_seq; Type: SEQUENCE SET; Schema: public; Owner: admintiburcio
--

SELECT pg_catalog.setval('public.projects_reportprogress_id_seq', 132, true);


--
-- Name: projects_requirements_id_seq; Type: SEQUENCE SET; Schema: public; Owner: admintiburcio
--

SELECT pg_catalog.setval('public.projects_requirements_id_seq', 6, true);


--
-- Name: auth_group auth_group_name_key; Type: CONSTRAINT; Schema: public; Owner: admintiburcio
--

ALTER TABLE ONLY public.auth_group
    ADD CONSTRAINT auth_group_name_key UNIQUE (name);


--
-- Name: auth_group_permissions auth_group_permissions_group_id_permission_id_0cd325b0_uniq; Type: CONSTRAINT; Schema: public; Owner: admintiburcio
--

ALTER TABLE ONLY public.auth_group_permissions
    ADD CONSTRAINT auth_group_permissions_group_id_permission_id_0cd325b0_uniq UNIQUE (group_id, permission_id);


--
-- Name: auth_group_permissions auth_group_permissions_pkey; Type: CONSTRAINT; Schema: public; Owner: admintiburcio
--

ALTER TABLE ONLY public.auth_group_permissions
    ADD CONSTRAINT auth_group_permissions_pkey PRIMARY KEY (id);


--
-- Name: auth_group auth_group_pkey; Type: CONSTRAINT; Schema: public; Owner: admintiburcio
--

ALTER TABLE ONLY public.auth_group
    ADD CONSTRAINT auth_group_pkey PRIMARY KEY (id);


--
-- Name: auth_permission auth_permission_content_type_id_codename_01ab375a_uniq; Type: CONSTRAINT; Schema: public; Owner: admintiburcio
--

ALTER TABLE ONLY public.auth_permission
    ADD CONSTRAINT auth_permission_content_type_id_codename_01ab375a_uniq UNIQUE (content_type_id, codename);


--
-- Name: auth_permission auth_permission_pkey; Type: CONSTRAINT; Schema: public; Owner: admintiburcio
--

ALTER TABLE ONLY public.auth_permission
    ADD CONSTRAINT auth_permission_pkey PRIMARY KEY (id);


--
-- Name: auth_user_groups auth_user_groups_pkey; Type: CONSTRAINT; Schema: public; Owner: admintiburcio
--

ALTER TABLE ONLY public.auth_user_groups
    ADD CONSTRAINT auth_user_groups_pkey PRIMARY KEY (id);


--
-- Name: auth_user_groups auth_user_groups_user_id_group_id_94350c0c_uniq; Type: CONSTRAINT; Schema: public; Owner: admintiburcio
--

ALTER TABLE ONLY public.auth_user_groups
    ADD CONSTRAINT auth_user_groups_user_id_group_id_94350c0c_uniq UNIQUE (user_id, group_id);


--
-- Name: auth_user auth_user_pkey; Type: CONSTRAINT; Schema: public; Owner: admintiburcio
--

ALTER TABLE ONLY public.auth_user
    ADD CONSTRAINT auth_user_pkey PRIMARY KEY (id);


--
-- Name: auth_user_user_permissions auth_user_user_permissions_pkey; Type: CONSTRAINT; Schema: public; Owner: admintiburcio
--

ALTER TABLE ONLY public.auth_user_user_permissions
    ADD CONSTRAINT auth_user_user_permissions_pkey PRIMARY KEY (id);


--
-- Name: auth_user_user_permissions auth_user_user_permissions_user_id_permission_id_14a6b632_uniq; Type: CONSTRAINT; Schema: public; Owner: admintiburcio
--

ALTER TABLE ONLY public.auth_user_user_permissions
    ADD CONSTRAINT auth_user_user_permissions_user_id_permission_id_14a6b632_uniq UNIQUE (user_id, permission_id);


--
-- Name: auth_user auth_user_username_key; Type: CONSTRAINT; Schema: public; Owner: admintiburcio
--

ALTER TABLE ONLY public.auth_user
    ADD CONSTRAINT auth_user_username_key UNIQUE (username);


--
-- Name: django_admin_log django_admin_log_pkey; Type: CONSTRAINT; Schema: public; Owner: admintiburcio
--

ALTER TABLE ONLY public.django_admin_log
    ADD CONSTRAINT django_admin_log_pkey PRIMARY KEY (id);


--
-- Name: django_content_type django_content_type_app_label_model_76bd3d3b_uniq; Type: CONSTRAINT; Schema: public; Owner: admintiburcio
--

ALTER TABLE ONLY public.django_content_type
    ADD CONSTRAINT django_content_type_app_label_model_76bd3d3b_uniq UNIQUE (app_label, model);


--
-- Name: django_content_type django_content_type_pkey; Type: CONSTRAINT; Schema: public; Owner: admintiburcio
--

ALTER TABLE ONLY public.django_content_type
    ADD CONSTRAINT django_content_type_pkey PRIMARY KEY (id);


--
-- Name: django_migrations django_migrations_pkey; Type: CONSTRAINT; Schema: public; Owner: admintiburcio
--

ALTER TABLE ONLY public.django_migrations
    ADD CONSTRAINT django_migrations_pkey PRIMARY KEY (id);


--
-- Name: django_session django_session_pkey; Type: CONSTRAINT; Schema: public; Owner: admintiburcio
--

ALTER TABLE ONLY public.django_session
    ADD CONSTRAINT django_session_pkey PRIMARY KEY (session_key);


--
-- Name: finances_movement finances_movement_pkey; Type: CONSTRAINT; Schema: public; Owner: admintiburcio
--

ALTER TABLE ONLY public.finances_movement
    ADD CONSTRAINT finances_movement_pkey PRIMARY KEY (id);


--
-- Name: profiles_client profiles_client_pkey; Type: CONSTRAINT; Schema: public; Owner: admintiburcio
--

ALTER TABLE ONLY public.profiles_client
    ADD CONSTRAINT profiles_client_pkey PRIMARY KEY (id);


--
-- Name: profiles_clientcontact profiles_clientcontact_pkey; Type: CONSTRAINT; Schema: public; Owner: admintiburcio
--

ALTER TABLE ONLY public.profiles_clientcontact
    ADD CONSTRAINT profiles_clientcontact_pkey PRIMARY KEY (id);


--
-- Name: profiles_supplier profiles_supplier_pkey; Type: CONSTRAINT; Schema: public; Owner: admintiburcio
--

ALTER TABLE ONLY public.profiles_supplier
    ADD CONSTRAINT profiles_supplier_pkey PRIMARY KEY (id);


--
-- Name: profiles_suppliercontact profiles_suppliercontact_pkey; Type: CONSTRAINT; Schema: public; Owner: admintiburcio
--

ALTER TABLE ONLY public.profiles_suppliercontact
    ADD CONSTRAINT profiles_suppliercontact_pkey PRIMARY KEY (id);


--
-- Name: profiles_workerstime profiles_workerstime_pkey; Type: CONSTRAINT; Schema: public; Owner: admintiburcio
--

ALTER TABLE ONLY public.profiles_workerstime
    ADD CONSTRAINT profiles_workerstime_pkey PRIMARY KEY (id);


--
-- Name: profiles_workerstime_worker profiles_workerstime_wor_workerstime_id_user_id_6a8830f3_uniq; Type: CONSTRAINT; Schema: public; Owner: admintiburcio
--

ALTER TABLE ONLY public.profiles_workerstime_worker
    ADD CONSTRAINT profiles_workerstime_wor_workerstime_id_user_id_6a8830f3_uniq UNIQUE (workerstime_id, user_id);


--
-- Name: profiles_workerstime_worker profiles_workerstime_worker_pkey; Type: CONSTRAINT; Schema: public; Owner: admintiburcio
--

ALTER TABLE ONLY public.profiles_workerstime_worker
    ADD CONSTRAINT profiles_workerstime_worker_pkey PRIMARY KEY (id);


--
-- Name: projects_activity projects_activity_pkey; Type: CONSTRAINT; Schema: public; Owner: admintiburcio
--

ALTER TABLE ONLY public.projects_activity
    ADD CONSTRAINT projects_activity_pkey PRIMARY KEY (id);


--
-- Name: projects_activityprogress projects_activityprogress_pkey; Type: CONSTRAINT; Schema: public; Owner: admintiburcio
--

ALTER TABLE ONLY public.projects_activityprogress
    ADD CONSTRAINT projects_activityprogress_pkey PRIMARY KEY (id);


--
-- Name: projects_photo projects_photo_pkey; Type: CONSTRAINT; Schema: public; Owner: admintiburcio
--

ALTER TABLE ONLY public.projects_photo
    ADD CONSTRAINT projects_photo_pkey PRIMARY KEY (id);


--
-- Name: projects_project projects_project_cc_number_key; Type: CONSTRAINT; Schema: public; Owner: admintiburcio
--

ALTER TABLE ONLY public.projects_project
    ADD CONSTRAINT projects_project_cc_number_key UNIQUE (cc_number);


--
-- Name: projects_project_contact projects_project_contact_pkey; Type: CONSTRAINT; Schema: public; Owner: admintiburcio
--

ALTER TABLE ONLY public.projects_project_contact
    ADD CONSTRAINT projects_project_contact_pkey PRIMARY KEY (id);


--
-- Name: projects_project_contact projects_project_contact_project_id_clientcontact_cf84f39e_uniq; Type: CONSTRAINT; Schema: public; Owner: admintiburcio
--

ALTER TABLE ONLY public.projects_project_contact
    ADD CONSTRAINT projects_project_contact_project_id_clientcontact_cf84f39e_uniq UNIQUE (project_id, clientcontact_id);


--
-- Name: projects_project projects_project_pkey; Type: CONSTRAINT; Schema: public; Owner: admintiburcio
--

ALTER TABLE ONLY public.projects_project
    ADD CONSTRAINT projects_project_pkey PRIMARY KEY (id);


--
-- Name: projects_report projects_report_pkey; Type: CONSTRAINT; Schema: public; Owner: admintiburcio
--

ALTER TABLE ONLY public.projects_report
    ADD CONSTRAINT projects_report_pkey PRIMARY KEY (id);


--
-- Name: projects_report_workers projects_report_workers_pkey; Type: CONSTRAINT; Schema: public; Owner: admintiburcio
--

ALTER TABLE ONLY public.projects_report_workers
    ADD CONSTRAINT projects_report_workers_pkey PRIMARY KEY (id);


--
-- Name: projects_report_workers projects_report_workers_report_id_user_id_2970598e_uniq; Type: CONSTRAINT; Schema: public; Owner: admintiburcio
--

ALTER TABLE ONLY public.projects_report_workers
    ADD CONSTRAINT projects_report_workers_report_id_user_id_2970598e_uniq UNIQUE (report_id, user_id);


--
-- Name: projects_reportprogress projects_reportprogress_pkey; Type: CONSTRAINT; Schema: public; Owner: admintiburcio
--

ALTER TABLE ONLY public.projects_reportprogress
    ADD CONSTRAINT projects_reportprogress_pkey PRIMARY KEY (id);


--
-- Name: projects_requirements projects_requirements_pkey; Type: CONSTRAINT; Schema: public; Owner: admintiburcio
--

ALTER TABLE ONLY public.projects_requirements
    ADD CONSTRAINT projects_requirements_pkey PRIMARY KEY (id);


--
-- Name: auth_group_name_a6ea08ec_like; Type: INDEX; Schema: public; Owner: admintiburcio
--

CREATE INDEX auth_group_name_a6ea08ec_like ON public.auth_group USING btree (name varchar_pattern_ops);


--
-- Name: auth_group_permissions_group_id_b120cbf9; Type: INDEX; Schema: public; Owner: admintiburcio
--

CREATE INDEX auth_group_permissions_group_id_b120cbf9 ON public.auth_group_permissions USING btree (group_id);


--
-- Name: auth_group_permissions_permission_id_84c5c92e; Type: INDEX; Schema: public; Owner: admintiburcio
--

CREATE INDEX auth_group_permissions_permission_id_84c5c92e ON public.auth_group_permissions USING btree (permission_id);


--
-- Name: auth_permission_content_type_id_2f476e4b; Type: INDEX; Schema: public; Owner: admintiburcio
--

CREATE INDEX auth_permission_content_type_id_2f476e4b ON public.auth_permission USING btree (content_type_id);


--
-- Name: auth_user_groups_group_id_97559544; Type: INDEX; Schema: public; Owner: admintiburcio
--

CREATE INDEX auth_user_groups_group_id_97559544 ON public.auth_user_groups USING btree (group_id);


--
-- Name: auth_user_groups_user_id_6a12ed8b; Type: INDEX; Schema: public; Owner: admintiburcio
--

CREATE INDEX auth_user_groups_user_id_6a12ed8b ON public.auth_user_groups USING btree (user_id);


--
-- Name: auth_user_user_permissions_permission_id_1fbb5f2c; Type: INDEX; Schema: public; Owner: admintiburcio
--

CREATE INDEX auth_user_user_permissions_permission_id_1fbb5f2c ON public.auth_user_user_permissions USING btree (permission_id);


--
-- Name: auth_user_user_permissions_user_id_a95ead1b; Type: INDEX; Schema: public; Owner: admintiburcio
--

CREATE INDEX auth_user_user_permissions_user_id_a95ead1b ON public.auth_user_user_permissions USING btree (user_id);


--
-- Name: auth_user_username_6821ab7c_like; Type: INDEX; Schema: public; Owner: admintiburcio
--

CREATE INDEX auth_user_username_6821ab7c_like ON public.auth_user USING btree (username varchar_pattern_ops);


--
-- Name: django_admin_log_content_type_id_c4bce8eb; Type: INDEX; Schema: public; Owner: admintiburcio
--

CREATE INDEX django_admin_log_content_type_id_c4bce8eb ON public.django_admin_log USING btree (content_type_id);


--
-- Name: django_admin_log_user_id_c564eba6; Type: INDEX; Schema: public; Owner: admintiburcio
--

CREATE INDEX django_admin_log_user_id_c564eba6 ON public.django_admin_log USING btree (user_id);


--
-- Name: django_session_expire_date_a5c62663; Type: INDEX; Schema: public; Owner: admintiburcio
--

CREATE INDEX django_session_expire_date_a5c62663 ON public.django_session USING btree (expire_date);


--
-- Name: django_session_session_key_c0390e0f_like; Type: INDEX; Schema: public; Owner: admintiburcio
--

CREATE INDEX django_session_session_key_c0390e0f_like ON public.django_session USING btree (session_key varchar_pattern_ops);


--
-- Name: finances_movement_payee_id_740d798b; Type: INDEX; Schema: public; Owner: admintiburcio
--

CREATE INDEX finances_movement_payee_id_740d798b ON public.finances_movement USING btree (payee_id);


--
-- Name: finances_movement_responsable_id_4fa5f9dc; Type: INDEX; Schema: public; Owner: admintiburcio
--

CREATE INDEX finances_movement_responsable_id_4fa5f9dc ON public.finances_movement USING btree (responsable_id);


--
-- Name: profiles_clientcontact_client_id_15ee38bb; Type: INDEX; Schema: public; Owner: admintiburcio
--

CREATE INDEX profiles_clientcontact_client_id_15ee38bb ON public.profiles_clientcontact USING btree (client_id);


--
-- Name: profiles_suppliercontact_supplier_id_e1fce421; Type: INDEX; Schema: public; Owner: admintiburcio
--

CREATE INDEX profiles_suppliercontact_supplier_id_e1fce421 ON public.profiles_suppliercontact USING btree (supplier_id);


--
-- Name: profiles_workerstime_client_id_dfb6046f; Type: INDEX; Schema: public; Owner: admintiburcio
--

CREATE INDEX profiles_workerstime_client_id_dfb6046f ON public.profiles_workerstime USING btree (client_id);


--
-- Name: profiles_workerstime_worker_user_id_48fef91d; Type: INDEX; Schema: public; Owner: admintiburcio
--

CREATE INDEX profiles_workerstime_worker_user_id_48fef91d ON public.profiles_workerstime_worker USING btree (user_id);


--
-- Name: profiles_workerstime_worker_workerstime_id_e0a668b1; Type: INDEX; Schema: public; Owner: admintiburcio
--

CREATE INDEX profiles_workerstime_worker_workerstime_id_e0a668b1 ON public.profiles_workerstime_worker USING btree (workerstime_id);


--
-- Name: projects_activity_incharge_id_60ba5af0; Type: INDEX; Schema: public; Owner: admintiburcio
--

CREATE INDEX projects_activity_incharge_id_60ba5af0 ON public.projects_activity USING btree (incharge_id);


--
-- Name: projects_activity_project_id_0e9ae3fa; Type: INDEX; Schema: public; Owner: admintiburcio
--

CREATE INDEX projects_activity_project_id_0e9ae3fa ON public.projects_activity USING btree (project_id);


--
-- Name: projects_activityprogress_activity_id_b56bad24; Type: INDEX; Schema: public; Owner: admintiburcio
--

CREATE INDEX projects_activityprogress_activity_id_b56bad24 ON public.projects_activityprogress USING btree (activity_id);


--
-- Name: projects_photo_report_id_21fbed47; Type: INDEX; Schema: public; Owner: admintiburcio
--

CREATE INDEX projects_photo_report_id_21fbed47 ON public.projects_photo USING btree (report_id);


--
-- Name: projects_project_client_id_cd971a55; Type: INDEX; Schema: public; Owner: admintiburcio
--

CREATE INDEX projects_project_client_id_cd971a55 ON public.projects_project USING btree (client_id);


--
-- Name: projects_project_contact_clientcontact_id_e2546239; Type: INDEX; Schema: public; Owner: admintiburcio
--

CREATE INDEX projects_project_contact_clientcontact_id_e2546239 ON public.projects_project_contact USING btree (clientcontact_id);


--
-- Name: projects_project_contact_project_id_07488011; Type: INDEX; Schema: public; Owner: admintiburcio
--

CREATE INDEX projects_project_contact_project_id_07488011 ON public.projects_project_contact USING btree (project_id);


--
-- Name: projects_project_manager_id_d3b083b7; Type: INDEX; Schema: public; Owner: admintiburcio
--

CREATE INDEX projects_project_manager_id_d3b083b7 ON public.projects_project USING btree (manager_id);


--
-- Name: projects_report_activity_id_b1da1f18; Type: INDEX; Schema: public; Owner: admintiburcio
--

CREATE INDEX projects_report_activity_id_b1da1f18 ON public.projects_report USING btree (activity_id);


--
-- Name: projects_report_responsable_id_48ac4e93; Type: INDEX; Schema: public; Owner: admintiburcio
--

CREATE INDEX projects_report_responsable_id_48ac4e93 ON public.projects_report USING btree (responsable_id);


--
-- Name: projects_report_workers_report_id_b5875637; Type: INDEX; Schema: public; Owner: admintiburcio
--

CREATE INDEX projects_report_workers_report_id_b5875637 ON public.projects_report_workers USING btree (report_id);


--
-- Name: projects_report_workers_user_id_a2ae91d9; Type: INDEX; Schema: public; Owner: admintiburcio
--

CREATE INDEX projects_report_workers_user_id_a2ae91d9 ON public.projects_report_workers USING btree (user_id);


--
-- Name: projects_reportprogress_activityprogress_id_c00e40e9; Type: INDEX; Schema: public; Owner: admintiburcio
--

CREATE INDEX projects_reportprogress_activityprogress_id_c00e40e9 ON public.projects_reportprogress USING btree (activityprogress_id);


--
-- Name: projects_reportprogress_report_id_a341ae65; Type: INDEX; Schema: public; Owner: admintiburcio
--

CREATE INDEX projects_reportprogress_report_id_a341ae65 ON public.projects_reportprogress USING btree (report_id);


--
-- Name: projects_requirements_activity_id_c73d63c3; Type: INDEX; Schema: public; Owner: admintiburcio
--

CREATE INDEX projects_requirements_activity_id_c73d63c3 ON public.projects_requirements USING btree (activity_id);


--
-- Name: projects_requirements_by_id_5603deb5; Type: INDEX; Schema: public; Owner: admintiburcio
--

CREATE INDEX projects_requirements_by_id_5603deb5 ON public.projects_requirements USING btree (by_id);


--
-- Name: projects_requirements_to_id_a3c1a4cd; Type: INDEX; Schema: public; Owner: admintiburcio
--

CREATE INDEX projects_requirements_to_id_a3c1a4cd ON public.projects_requirements USING btree (to_id);


--
-- Name: auth_group_permissions auth_group_permissio_permission_id_84c5c92e_fk_auth_perm; Type: FK CONSTRAINT; Schema: public; Owner: admintiburcio
--

ALTER TABLE ONLY public.auth_group_permissions
    ADD CONSTRAINT auth_group_permissio_permission_id_84c5c92e_fk_auth_perm FOREIGN KEY (permission_id) REFERENCES public.auth_permission(id) DEFERRABLE INITIALLY DEFERRED;


--
-- Name: auth_group_permissions auth_group_permissions_group_id_b120cbf9_fk_auth_group_id; Type: FK CONSTRAINT; Schema: public; Owner: admintiburcio
--

ALTER TABLE ONLY public.auth_group_permissions
    ADD CONSTRAINT auth_group_permissions_group_id_b120cbf9_fk_auth_group_id FOREIGN KEY (group_id) REFERENCES public.auth_group(id) DEFERRABLE INITIALLY DEFERRED;


--
-- Name: auth_permission auth_permission_content_type_id_2f476e4b_fk_django_co; Type: FK CONSTRAINT; Schema: public; Owner: admintiburcio
--

ALTER TABLE ONLY public.auth_permission
    ADD CONSTRAINT auth_permission_content_type_id_2f476e4b_fk_django_co FOREIGN KEY (content_type_id) REFERENCES public.django_content_type(id) DEFERRABLE INITIALLY DEFERRED;


--
-- Name: auth_user_groups auth_user_groups_group_id_97559544_fk_auth_group_id; Type: FK CONSTRAINT; Schema: public; Owner: admintiburcio
--

ALTER TABLE ONLY public.auth_user_groups
    ADD CONSTRAINT auth_user_groups_group_id_97559544_fk_auth_group_id FOREIGN KEY (group_id) REFERENCES public.auth_group(id) DEFERRABLE INITIALLY DEFERRED;


--
-- Name: auth_user_groups auth_user_groups_user_id_6a12ed8b_fk_auth_user_id; Type: FK CONSTRAINT; Schema: public; Owner: admintiburcio
--

ALTER TABLE ONLY public.auth_user_groups
    ADD CONSTRAINT auth_user_groups_user_id_6a12ed8b_fk_auth_user_id FOREIGN KEY (user_id) REFERENCES public.auth_user(id) DEFERRABLE INITIALLY DEFERRED;


--
-- Name: auth_user_user_permissions auth_user_user_permi_permission_id_1fbb5f2c_fk_auth_perm; Type: FK CONSTRAINT; Schema: public; Owner: admintiburcio
--

ALTER TABLE ONLY public.auth_user_user_permissions
    ADD CONSTRAINT auth_user_user_permi_permission_id_1fbb5f2c_fk_auth_perm FOREIGN KEY (permission_id) REFERENCES public.auth_permission(id) DEFERRABLE INITIALLY DEFERRED;


--
-- Name: auth_user_user_permissions auth_user_user_permissions_user_id_a95ead1b_fk_auth_user_id; Type: FK CONSTRAINT; Schema: public; Owner: admintiburcio
--

ALTER TABLE ONLY public.auth_user_user_permissions
    ADD CONSTRAINT auth_user_user_permissions_user_id_a95ead1b_fk_auth_user_id FOREIGN KEY (user_id) REFERENCES public.auth_user(id) DEFERRABLE INITIALLY DEFERRED;


--
-- Name: django_admin_log django_admin_log_content_type_id_c4bce8eb_fk_django_co; Type: FK CONSTRAINT; Schema: public; Owner: admintiburcio
--

ALTER TABLE ONLY public.django_admin_log
    ADD CONSTRAINT django_admin_log_content_type_id_c4bce8eb_fk_django_co FOREIGN KEY (content_type_id) REFERENCES public.django_content_type(id) DEFERRABLE INITIALLY DEFERRED;


--
-- Name: django_admin_log django_admin_log_user_id_c564eba6_fk_auth_user_id; Type: FK CONSTRAINT; Schema: public; Owner: admintiburcio
--

ALTER TABLE ONLY public.django_admin_log
    ADD CONSTRAINT django_admin_log_user_id_c564eba6_fk_auth_user_id FOREIGN KEY (user_id) REFERENCES public.auth_user(id) DEFERRABLE INITIALLY DEFERRED;


--
-- Name: finances_movement finances_movement_payee_id_740d798b_fk_profiles_supplier_id; Type: FK CONSTRAINT; Schema: public; Owner: admintiburcio
--

ALTER TABLE ONLY public.finances_movement
    ADD CONSTRAINT finances_movement_payee_id_740d798b_fk_profiles_supplier_id FOREIGN KEY (payee_id) REFERENCES public.profiles_supplier(id) DEFERRABLE INITIALLY DEFERRED;


--
-- Name: finances_movement finances_movement_responsable_id_4fa5f9dc_fk_auth_user_id; Type: FK CONSTRAINT; Schema: public; Owner: admintiburcio
--

ALTER TABLE ONLY public.finances_movement
    ADD CONSTRAINT finances_movement_responsable_id_4fa5f9dc_fk_auth_user_id FOREIGN KEY (responsable_id) REFERENCES public.auth_user(id) DEFERRABLE INITIALLY DEFERRED;


--
-- Name: profiles_clientcontact profiles_clientcontact_client_id_15ee38bb_fk_profiles_client_id; Type: FK CONSTRAINT; Schema: public; Owner: admintiburcio
--

ALTER TABLE ONLY public.profiles_clientcontact
    ADD CONSTRAINT profiles_clientcontact_client_id_15ee38bb_fk_profiles_client_id FOREIGN KEY (client_id) REFERENCES public.profiles_client(id) DEFERRABLE INITIALLY DEFERRED;


--
-- Name: profiles_suppliercontact profiles_suppliercon_supplier_id_e1fce421_fk_profiles_; Type: FK CONSTRAINT; Schema: public; Owner: admintiburcio
--

ALTER TABLE ONLY public.profiles_suppliercontact
    ADD CONSTRAINT profiles_suppliercon_supplier_id_e1fce421_fk_profiles_ FOREIGN KEY (supplier_id) REFERENCES public.profiles_supplier(id) DEFERRABLE INITIALLY DEFERRED;


--
-- Name: profiles_workerstime profiles_workerstime_client_id_dfb6046f_fk_profiles_client_id; Type: FK CONSTRAINT; Schema: public; Owner: admintiburcio
--

ALTER TABLE ONLY public.profiles_workerstime
    ADD CONSTRAINT profiles_workerstime_client_id_dfb6046f_fk_profiles_client_id FOREIGN KEY (client_id) REFERENCES public.profiles_client(id) DEFERRABLE INITIALLY DEFERRED;


--
-- Name: profiles_workerstime_worker profiles_workerstime_worker_user_id_48fef91d_fk_auth_user_id; Type: FK CONSTRAINT; Schema: public; Owner: admintiburcio
--

ALTER TABLE ONLY public.profiles_workerstime_worker
    ADD CONSTRAINT profiles_workerstime_worker_user_id_48fef91d_fk_auth_user_id FOREIGN KEY (user_id) REFERENCES public.auth_user(id) DEFERRABLE INITIALLY DEFERRED;


--
-- Name: profiles_workerstime_worker profiles_workerstime_workerstime_id_e0a668b1_fk_profiles_; Type: FK CONSTRAINT; Schema: public; Owner: admintiburcio
--

ALTER TABLE ONLY public.profiles_workerstime_worker
    ADD CONSTRAINT profiles_workerstime_workerstime_id_e0a668b1_fk_profiles_ FOREIGN KEY (workerstime_id) REFERENCES public.profiles_workerstime(id) DEFERRABLE INITIALLY DEFERRED;


--
-- Name: projects_activity projects_activity_incharge_id_60ba5af0_fk_auth_user_id; Type: FK CONSTRAINT; Schema: public; Owner: admintiburcio
--

ALTER TABLE ONLY public.projects_activity
    ADD CONSTRAINT projects_activity_incharge_id_60ba5af0_fk_auth_user_id FOREIGN KEY (incharge_id) REFERENCES public.auth_user(id) DEFERRABLE INITIALLY DEFERRED;


--
-- Name: projects_activity projects_activity_project_id_0e9ae3fa_fk_projects_project_id; Type: FK CONSTRAINT; Schema: public; Owner: admintiburcio
--

ALTER TABLE ONLY public.projects_activity
    ADD CONSTRAINT projects_activity_project_id_0e9ae3fa_fk_projects_project_id FOREIGN KEY (project_id) REFERENCES public.projects_project(id) DEFERRABLE INITIALLY DEFERRED;


--
-- Name: projects_activityprogress projects_activitypro_activity_id_b56bad24_fk_projects_; Type: FK CONSTRAINT; Schema: public; Owner: admintiburcio
--

ALTER TABLE ONLY public.projects_activityprogress
    ADD CONSTRAINT projects_activitypro_activity_id_b56bad24_fk_projects_ FOREIGN KEY (activity_id) REFERENCES public.projects_activity(id) DEFERRABLE INITIALLY DEFERRED;


--
-- Name: projects_photo projects_photo_report_id_21fbed47_fk_projects_report_id; Type: FK CONSTRAINT; Schema: public; Owner: admintiburcio
--

ALTER TABLE ONLY public.projects_photo
    ADD CONSTRAINT projects_photo_report_id_21fbed47_fk_projects_report_id FOREIGN KEY (report_id) REFERENCES public.projects_report(id) DEFERRABLE INITIALLY DEFERRED;


--
-- Name: projects_project projects_project_client_id_cd971a55_fk_profiles_client_id; Type: FK CONSTRAINT; Schema: public; Owner: admintiburcio
--

ALTER TABLE ONLY public.projects_project
    ADD CONSTRAINT projects_project_client_id_cd971a55_fk_profiles_client_id FOREIGN KEY (client_id) REFERENCES public.profiles_client(id) DEFERRABLE INITIALLY DEFERRED;


--
-- Name: projects_project_contact projects_project_con_clientcontact_id_e2546239_fk_profiles_; Type: FK CONSTRAINT; Schema: public; Owner: admintiburcio
--

ALTER TABLE ONLY public.projects_project_contact
    ADD CONSTRAINT projects_project_con_clientcontact_id_e2546239_fk_profiles_ FOREIGN KEY (clientcontact_id) REFERENCES public.profiles_clientcontact(id) DEFERRABLE INITIALLY DEFERRED;


--
-- Name: projects_project_contact projects_project_con_project_id_07488011_fk_projects_; Type: FK CONSTRAINT; Schema: public; Owner: admintiburcio
--

ALTER TABLE ONLY public.projects_project_contact
    ADD CONSTRAINT projects_project_con_project_id_07488011_fk_projects_ FOREIGN KEY (project_id) REFERENCES public.projects_project(id) DEFERRABLE INITIALLY DEFERRED;


--
-- Name: projects_project projects_project_manager_id_d3b083b7_fk_auth_user_id; Type: FK CONSTRAINT; Schema: public; Owner: admintiburcio
--

ALTER TABLE ONLY public.projects_project
    ADD CONSTRAINT projects_project_manager_id_d3b083b7_fk_auth_user_id FOREIGN KEY (manager_id) REFERENCES public.auth_user(id) DEFERRABLE INITIALLY DEFERRED;


--
-- Name: projects_report projects_report_activity_id_b1da1f18_fk_projects_activity_id; Type: FK CONSTRAINT; Schema: public; Owner: admintiburcio
--

ALTER TABLE ONLY public.projects_report
    ADD CONSTRAINT projects_report_activity_id_b1da1f18_fk_projects_activity_id FOREIGN KEY (activity_id) REFERENCES public.projects_activity(id) DEFERRABLE INITIALLY DEFERRED;


--
-- Name: projects_report projects_report_responsable_id_48ac4e93_fk_auth_user_id; Type: FK CONSTRAINT; Schema: public; Owner: admintiburcio
--

ALTER TABLE ONLY public.projects_report
    ADD CONSTRAINT projects_report_responsable_id_48ac4e93_fk_auth_user_id FOREIGN KEY (responsable_id) REFERENCES public.auth_user(id) DEFERRABLE INITIALLY DEFERRED;


--
-- Name: projects_report_workers projects_report_work_report_id_b5875637_fk_projects_; Type: FK CONSTRAINT; Schema: public; Owner: admintiburcio
--

ALTER TABLE ONLY public.projects_report_workers
    ADD CONSTRAINT projects_report_work_report_id_b5875637_fk_projects_ FOREIGN KEY (report_id) REFERENCES public.projects_report(id) DEFERRABLE INITIALLY DEFERRED;


--
-- Name: projects_report_workers projects_report_workers_user_id_a2ae91d9_fk_auth_user_id; Type: FK CONSTRAINT; Schema: public; Owner: admintiburcio
--

ALTER TABLE ONLY public.projects_report_workers
    ADD CONSTRAINT projects_report_workers_user_id_a2ae91d9_fk_auth_user_id FOREIGN KEY (user_id) REFERENCES public.auth_user(id) DEFERRABLE INITIALLY DEFERRED;


--
-- Name: projects_reportprogress projects_reportprogr_activityprogress_id_c00e40e9_fk_projects_; Type: FK CONSTRAINT; Schema: public; Owner: admintiburcio
--

ALTER TABLE ONLY public.projects_reportprogress
    ADD CONSTRAINT projects_reportprogr_activityprogress_id_c00e40e9_fk_projects_ FOREIGN KEY (activityprogress_id) REFERENCES public.projects_activityprogress(id) DEFERRABLE INITIALLY DEFERRED;


--
-- Name: projects_reportprogress projects_reportprogr_report_id_a341ae65_fk_projects_; Type: FK CONSTRAINT; Schema: public; Owner: admintiburcio
--

ALTER TABLE ONLY public.projects_reportprogress
    ADD CONSTRAINT projects_reportprogr_report_id_a341ae65_fk_projects_ FOREIGN KEY (report_id) REFERENCES public.projects_report(id) DEFERRABLE INITIALLY DEFERRED;


--
-- Name: projects_requirements projects_requirement_activity_id_c73d63c3_fk_projects_; Type: FK CONSTRAINT; Schema: public; Owner: admintiburcio
--

ALTER TABLE ONLY public.projects_requirements
    ADD CONSTRAINT projects_requirement_activity_id_c73d63c3_fk_projects_ FOREIGN KEY (activity_id) REFERENCES public.projects_activity(id) DEFERRABLE INITIALLY DEFERRED;


--
-- Name: projects_requirements projects_requirements_by_id_5603deb5_fk_auth_user_id; Type: FK CONSTRAINT; Schema: public; Owner: admintiburcio
--

ALTER TABLE ONLY public.projects_requirements
    ADD CONSTRAINT projects_requirements_by_id_5603deb5_fk_auth_user_id FOREIGN KEY (by_id) REFERENCES public.auth_user(id) DEFERRABLE INITIALLY DEFERRED;


--
-- Name: projects_requirements projects_requirements_to_id_a3c1a4cd_fk_auth_user_id; Type: FK CONSTRAINT; Schema: public; Owner: admintiburcio
--

ALTER TABLE ONLY public.projects_requirements
    ADD CONSTRAINT projects_requirements_to_id_a3c1a4cd_fk_auth_user_id FOREIGN KEY (to_id) REFERENCES public.auth_user(id) DEFERRABLE INITIALLY DEFERRED;


--
-- PostgreSQL database dump complete
--

--
-- Database '"'postgres'"' dump
--

\connect postgres

--
-- PostgreSQL database dump
--

-- Dumped from database version 15.4 (Debian 15.4-1.pgdg120+1)
-- Dumped by pg_dump version 15.4 (Debian 15.4-1.pgdg120+1)

SET statement_timeout = 0;
SET lock_timeout = 0;
SET idle_in_transaction_session_timeout = 0;
SET client_encoding = 'UTF8';
SET standard_conforming_strings = on;
SELECT pg_catalog.set_config('search_path', '', false);
SET check_function_bodies = false;
SET xmloption = content;
SET client_min_messages = warning;
SET row_security = off;

--
-- PostgreSQL database dump complete
--

--
-- PostgreSQL database cluster dump complete
--

